,mid,uid,个人昵称,个人主页,发布时间,内容来自,展示内容,全部内容,转发数量,评论数量,点赞数量
0,5083241077803016,2390180961,教英语的张建,https://weibo.com/2390180961,09月27日 15:36,考研超话,✅9月英语一最后一课！大家打卡留念，再见面就是十月份，💯距离你上岸更近一步了哦~#考研英语张建##决战考研##考研#沈阳​,,0,13,24
1,5083096259494004,1233628161,周思成,https://weibo.com/1233628161,09月27日 06:00,微博视频号,秋季晨读归来，冲击高分必备！七折入：秋季晨读，冲击高分（七折连日咳嗽，今天晨读文字版了因为养不起大熊猫，芬兰决定提前送回两只熊猫宝🐼#四六级##考研#周思成的微博视频​,,17,137,36
2,5083112245563045,7410904379,奈奈考研日记,https://weibo.com/7410904379,09月27日 07:04,丹丹老师教育学打卡超话,丹丹老师教育学打卡超话丹姐的大题总结来啦太多宝宝私信我，手写的不方便打印看所以……教原的后面部分，我一直停更了因为‼️我在给你们整理成文档的版本了😎今天第一章，给我时间，尽快给你们追平哈#考研##333统考##333教育学综合##311教育学考研#​,,15,15,125
3,5083268204724433,6041271617,众合法硕教育,https://weibo.com/6041271617,09月27日 17:24,,【刑法案例分析题答题技巧】案例分析题答题技巧，马住#考研#考研超话#法硕技术流##法硕#法硕超话​,,41,8,43
4,5083277746243568,1236762247,王江涛老师,https://weibo.com/1236762247,09月27日 18:02,微博网页版,⏰️9月背完这些，你的英语就厉害了！🎯今天送你全套考研英语资料，想要哪个领哪个～🔸10页纸速背2200核心词👉微博正文🔹英语真题高频写作词汇👉微博正文🔸英语二真题高频词785个👉微博正文🔸25考研英语写作必备1000词👉​展开,⏰️9月背完这些，你的英语就厉害了！🎯今天送你全套考研英语资料，想要哪个领哪个～🔸10页纸速背2200核心词👉微博正文🔹英语真题高频写作词汇👉微博正文🔸英语二真题高频词785个👉微博正文🔸25考研英语写作必备1000词👉微博正文🔸25考研必备写作核心主题词👉微博正文🔸7天背完！你的阅读就牛了👉微博正文🔸25考研英语必备短语词组👉微博正文#考研##决战考研##考研英语#,9,0,11
5,5083144879079891,1848595875,晓千老师,https://weibo.com/1848595875,09月27日 09:14,考研数学晓千老师超话,早餐时间，补签24上岸中科院弟子签名祝福感谢遇见，彼此圆满，大家加油考研数学晓千老师超话#考研数学##决战考研##考研上岸##考研##2025考研#青岛晓千老师的微博视频​,,1,6,43
6,5082987645633551,6858194286,考研Neko酱,https://weibo.com/6858194286,09月26日 22:49,考研超话,考研超话听说这个小恐龙很灵？刷到即拥有噢#考研##决战考研##研究生##25考研#​,,1,3,36
7,5083291724285318,7499315148,考研数学冰冰老师,https://weibo.com/7499315148,09月27日 18:57,考研数学杨超超话,下播，彤姐今天学校选修课上了扭扭棒，给我制作了“小礼物”！这也太心灵手巧了叭，这肯定像我啊对叭彤姐说，哥哥姐姐上岸后邮寄给他做礼物🎁心意满满考研数学杨超超话#考研倒计时##决战考研##考研#​,,0,9,9
8,5083154980015214,6489024623,考研的锦鲤,https://weibo.com/6489024623,09月27日 09:54,考研超话,考研超话完形天花板背完直接选答案！#考研##考研英语##25考研#​,,9,1,10
9,5083164541976633,7360696884,鸟山学长,https://weibo.com/7360696884,09月27日 10:32,微博视频号,#25考研##考研#考研被人搞心态？别慌别乱鸟山学长的微博视频​,,1,0,14
10,5083331585377384,5998551319,寒塘-----鹤影,https://weibo.com/5998551319,55秒前,HUAWEI P40 5G,#考研#一年多来第一次专业课模考150，高兴两天以后禁止使用计算器，这感受谁懂啊​,,0,0,0
11,5083331375401642,7744176740,少主回家喽,https://weibo.com/7744176740,09月27日 21:35,山西农业大学超话,山西农业大学超话#考研#出414植物生理学与生物化学复习全套，带笔记​,,0,0,0
12,5083329654951458,2368684615,Hxxvvv_,https://weibo.com/2368684615,09月27日 21:28,iPhone客户端,跨越难度的幸福感，会记一辈子#考研#​,,0,1,0
13,5083329403553903,6858194286,考研Neko酱,https://weibo.com/6858194286,09月27日 21:27,考研超话,考研超话徐涛老师让自己整理的毛文章【更新】#考研##考研政治#​,,0,1,5
14,5082257909614903,5732788718,考研的萌萌酱,https://weibo.com/5732788718,09月27日 21:23,2025考研超话,四个痛苦但很很很有效的背书方法！​​​​#2025考研##考研#​,,22,0,79
15,5083328510430147,6508840659,你算哪块小饼儿啊,https://weibo.com/6508840659,09月27日 21:23,墨墨背单词,💢repression💢瑞怕神因为神教【压抑】【镇压】过他#考研#​,,0,1,0
16,5083328447513373,6124916037,小鱼儿爱月亮,https://weibo.com/6124916037,09月27日 21:23,墨墨背单词,🏁墨墨背单词打卡Day23💻累计学习单词：2585个📅今日学习单词：360个🕙今日记忆次数：1366次🌟今日重点单词：custodyn.监管；拘留；羁押；监护权#考研##背单词#​,,0,1,0
17,5083328344495606,7842551028,小7幸运锦鲤,https://weibo.com/7842551028,09月27日 21:23,考研政治徐涛超话,你们选什么？#一起做个题##考研##决战考研##考研政治##25考研##2025考研##考研政治每日一题#信念有不同的层次和类型，其中​,,0,0,0
18,5083327876828419,7626537614,沈升ircle,https://weibo.com/7626537614,09月27日 21:21,墨墨背单词,🏁墨墨背单词打卡Day206💻累计学习单词：5756个📅今日学习单词：10个🕙今日记忆次数：37次🌟今日重点单词：integrityn.完整；正直；诚实#考研打卡##学习打卡##考研#​,,0,1,0
19,5083327392384103,6600171465,螃蟹都是有蟹黄的,https://weibo.com/6600171465,09月27日 21:19,OPPO Reno6 Pro 5G,#生活手记##考研##考研政治#道理我都懂但是C为什么​,,0,0,0
20,5083327114250253,5350171317,zzyzyyz,https://weibo.com/5350171317,09月27日 21:18,iPhone客户端,#考研#​,,0,1,0
21,5083325314372051,6791642221,纯情的里奇,https://weibo.com/6791642221,09月27日 21:11,iPhone客户端,💢preliminary💢pre(先)limin(黎明)先于黎明，预先的意思#考研##学生党必备#​,,0,1,0
22,5083325312010846,7852636407,怎么什么名都不让叫,https://weibo.com/7852636407,09月27日 21:11,墨墨背单词,💢disruption💢弟是rap神，每次家里都‘混乱’#学习打卡##考研##考研英语#​,,0,1,0
23,5083324396343796,6255259736,青年久久为功,https://weibo.com/6255259736,09月27日 21:07,墨墨背单词,💢outlook💢向外out看look“景色、前景”#英语##学习打卡##背单词##考研##返校季#​,,0,1,0
24,5083324238270601,2876463654,追星什么的很有趣,https://weibo.com/2876463654,09月27日 21:06,墨墨背单词,💢abstract💢“爱不是拽可得”，因为爱是“抽象的、深奥的”。#考研##学习打卡#​,,0,1,0
25,5083322571822490,7600773942,加加冰-,https://weibo.com/7600773942,09月27日 21:00,iPhone客户端,想考上那就再努力一点吧#考研#​,,0,2,0
26,5083322294472069,6998591927,鳤鳤,https://weibo.com/6998591927,09月27日 20:59,iPhone客户端,学习的时候真的听不了外面有唱歌的声音，特别是唱高音……#考研##暴躁##疯了#​,,0,0,0
27,5083321935858473,5899106309,将你我包围-,https://weibo.com/5899106309,09月27日 20:57,iPhone客户端,💢triumph💢“踹俺服”---打到我服你（胜利）#考研英语##考研#​,,0,1,0
28,5083321402917059,7790211587,雯雯要淡定a,https://weibo.com/7790211587,09月27日 20:55,HUAWEI P40 Pro 5G,还有80多天，老娘我拼了!!爱学习的女生最美丽!别管我了!我爱数学!我爱学习!#备考##考研##日常发疯#​,,0,1,1
29,5083321162268728,7741516836,东万200208,https://weibo.com/7741516836,09月27日 20:54,iPhone客户端,💢compact💢“肯派给他”就跟他签合同#考研##学习打卡#​,,0,1,0
30,5083319410888547,5943656291,学姐欣欣呀,https://weibo.com/5943656291,09月27日 20:47,考研英语超话,#考研#考研英语#考研英语#考研英语超话刷到了就花几分钟默背一下吧！说不定有你不知道的词语意思呢！考研英语超话​,,0,0,0
31,5083316789445033,5823171389,辞余生,https://weibo.com/5823171389,09月27日 20:37,微博视频号,研究所报名证件照制作教程，考研证件照制作#证件照##考研##研究生##决战考研#辞余生的微博视频​,,0,0,1
32,5083314535008465,7349115965,宫南风y,https://weibo.com/7349115965,09月27日 20:28,iPhone客户端,💢manifest💢“曼妮烦死他”了很[明显]#考研##背单词#​,,0,0,0
33,5082428978495990,6489024623,考研的锦鲤,https://weibo.com/6489024623,09月27日 20:22,考研超话,考研超话徐涛老师让自己整理的史纲重要会议#考研##考研政治#​,,236,25,682
34,5083313027154685,6403097139,lucky_桃杉,https://weibo.com/6403097139,09月27日 20:22,Xiaomi 12X,#考研#以为对考研这段记忆淡忘了现在怎么还有点怀念呢每天早起，去食堂抢一分钱的鸡蛋，坐在图书馆刷课、做题、背书，晚上十点准时回宿舍……纯粹学习、什么都不用考虑的日子真的好幸福​,,0,0,0
35,5083312758721549,7672089411,茶透琥珀,https://weibo.com/7672089411,09月27日 20:21,墨墨背单词,💢interdisciplinary💢英特第四扑那锐，跨学科的#考研上岸##考研#​,,0,0,0
36,5083310216975142,5943656291,学姐欣欣呀,https://weibo.com/5943656291,09月27日 20:11,iPhone客户端,#考研##考研政治马原##考研政治巜马原》课程免费直播##决战考研#马原知识点总结​,,0,1,0
37,5083309336171128,6563153047,考研的小曾曾,https://weibo.com/6563153047,09月27日 20:07,考研超话,考研超话♨️25柴荣《阅读7大话题词汇》总结话题词汇总#2025考研##考研英语##考研#​,,0,2,1
38,5083308767838339,5521066925,猪脚粉的狂热粉丝,https://weibo.com/5521066925,09月27日 20:05,iPhone客户端,🏁墨墨背单词打卡Day13💻累计学习单词：968个📅今日学习单词：225个🕙今日记忆次数：727次🌟今日重点单词：demonstrate[动]演示；展示；证明；示威#考研#​,,0,0,0
39,5083308627071635,6512551211,柯南也想不到,https://weibo.com/6512551211,09月27日 20:04,iPhone客户端,没事哒没事哒🙃🙃#考研##英一##完型#​,,0,1,0
40,5083308104879992,7186455208,甜莎豆包,https://weibo.com/7186455208,09月27日 20:02,墨墨背单词,💢tumble💢“疼不”：“摔倒”了疼不？#考研#​,,0,0,0
41,5083307454237068,6330109306,马理论考研学姐,https://weibo.com/6330109306,09月27日 20:00,iPhone客户端,400➕高分上岸学姐可接专业课辅导，已整理出最新最完整的历年真题，专业课背诵资料，可带背划重点。#马理论考研#马理论考研超话长春理工大学考研超话#考研##备考##25考研#​,,0,1,0
42,5083307429855543,6604886314,红颜醉惜君100,https://weibo.com/6604886314,09月27日 19:59,墨墨背单词,🏁墨墨背单词打卡Day78💻累计学习单词：7304个📅今日学习单词：50个🕙今日记忆次数：66次🌟今日重点单词：viciousadj.邪恶的；恶毒的；堕落的#考研##学习打卡#​,,0,1,0
43,5083307029305040,6325892944,擅长发作公主病,https://weibo.com/6325892944,09月27日 19:58,iPhone客户端,💢complement💢糠补了门。补充物#考研##背单词#​,,0,0,0
44,5083306926804739,7730742481,每天都开心ll-,https://weibo.com/7730742481,09月27日 19:57,墨墨背单词,🏁墨墨背单词打卡Day158💻累计学习单词：6453个📅今日学习单词：354个🕙今日记忆次数：1340次🌟今日重点单词：scatter[动]分散；（使）散开；散布#考研##返校季#​,,0,1,0
45,5083218472340485,6041271617,众合法硕教育,https://weibo.com/6041271617,09月27日 19:55,微博视频号,@民法岳业鹏：学习本来就是痛苦的，它不会像“听相声”那么欢乐，大家不要害怕困难。法硕超话#考研#考研超话#法硕##法硕技术流#众合法硕教育的微博视频​,,7,2,83
46,5083305741649192,6623289203,四維蘸酱,https://weibo.com/6623289203,09月27日 19:53,iPhone客户端,💢stagger💢死耽搁，磨磨唧唧的#学习打卡##考研#​,,0,1,0
47,5083304988774243,6975592581,消尽江南雪,https://weibo.com/6975592581,09月27日 19:50,墨墨背单词,🏁墨墨背单词打卡Day199💻累计学习单词：2400个📅今日学习单词：161个🕙今日记忆次数：357次🌟今日重点单词：undov.解开；撤销；毁掉#学习打卡##考研##英语#​,,0,1,0
48,5083303595739766,2609784071,WAN睿,https://weibo.com/2609784071,09月27日 19:44,墨墨背单词,🏁墨墨背单词打卡Day219💻累计学习单词：878个📅今日学习单词：100个🕙今日记忆次数：479次🌟今日重点单词：impair[动]损害；削弱#考研##自律#​,,0,0,0
49,5083303193350670,6329890874,胖胖的胖龙,https://weibo.com/6329890874,09月27日 19:43,墨墨背单词,💢respect💢“瑞士百科的”全书，我们要尊重作者！尊重！#学习打卡##考研##背单词##英语##返校季#​,,0,1,0
50,5083303111560349,7580146994,西津渡难,https://weibo.com/7580146994,09月27日 19:42,iPhone客户端,💢fancy💢烦死，这人太（花哨）了，穿着（昂贵的），我也（想要），但只能（想象）。#考研#​,,0,0,0
51,5083171548823646,7228962045,考研斯基,https://weibo.com/7228962045,09月27日 19:40,微博网页版,【潘赟丨25写作基础班笔记-英二】相关微博：✅石雷鹏+潘赟：作文最佳搭配方案！微博正文图片仅展示了部分内容，完整版PDF获取方式：点赞本条微博，加入微博粉丝群，点击群公告获取。#考研##25考研##决战考研##考研写作#​,,1,0,10
52,5083301742122307,5081392594,恰诺_3301,https://weibo.com/5081392594,09月27日 19:37,墨墨背单词,💢entity💢俺踢踢，俺也想踢踢这个实体#我的考研##考研#​,,0,0,0
53,5083301662427402,6586439247,Rui_yo,https://weibo.com/6586439247,09月27日 19:37,vivo S15,好困怎么回事怎么晚上这么困#生活手记##考研#​,,0,0,0
54,5083300585017350,7436863340,fighttingHW,https://weibo.com/7436863340,09月27日 19:32,微博网页版,宪法知识汇总#考研##决战考研#​,,0,0,0
55,5083300575842350,7464257271,希贤simllo,https://weibo.com/7464257271,09月27日 19:32,iPhone客户端,💢sob💢“耸鼻”。哭了耸鼻子#考研##学习打卡#​,,0,0,0
56,5083300429041361,6357170029,阿多欢喜,https://weibo.com/6357170029,09月27日 19:32,iPhone 11,需要学习西音史的同学看过来～～～～价格美丽，入坑不亏有问题随时滴滴#音乐史##西方音乐史##考研##音乐考研#​,,0,0,2
57,5083299918385513,6616219696,四六级一笑而过,https://weibo.com/6616219696,09月27日 19:30,四六级一笑而过超话,快看笑笑子今天在校园里偶遇了谁？宝子们今天有没有在学校看到腿姐和思思老师呀感谢@微博教育让大王和腿姐可以在校园里和大家见面希望以后能有更多机会去到大家身边#腿姐考研政治##周思成##考研#​,,0,0,1
58,5083299213477133,7758662064,睿睿子在养生ye,https://weibo.com/7758662064,09月27日 19:27,墨墨背单词,💢merger💢蚂蚱，因为兼并变成了一条绳上的蚂蚱merger#考研英语##考研#​,,0,1,0
59,5083297790561116,7589967243,风韩不筱寒风,https://weibo.com/7589967243,09月27日 19:21,小米11 青春版,最近主打迷之自信#考研##25考研#​,,0,0,0
60,5083297439026580,7535095669,小杨先生活,https://weibo.com/7535095669,09月27日 19:20,墨墨背单词,💢fracture💢发音“飞来车”，飞来个车就被撞“骨折”了！#考研#​,,0,0,0
61,5083294777738527,5291289886,高译教育,https://weibo.com/5291289886,09月27日 19:09,微博视频号,上外MA翻译学考研备考，翻译综合科目论述题答题思路真题举例考研超话#考研##高译教育#26考研超话25考研超话#翻译学#上海外国语大学考研超话#上外考研##26考研#高译教育的微博视频​,,0,0,0
62,5083292181205109,7891667750,晓晓在努力ing_,https://weibo.com/7891667750,09月27日 18:59,iPhone客户端,#考研#2025考研经综396联考网课真题资料合集🍃网页链接​,,0,0,0
63,5083291046906943,7436863340,fighttingHW,https://weibo.com/7436863340,09月27日 18:54,微博网页版,26考研学习起来，100分！！#25考研##26考研##考研#​,,0,1,0
64,5082911332108037,6041271617,众合法硕教育,https://weibo.com/6041271617,09月27日 18:40,微博网页版,【民法重要知识点的区分】跟着这些表格，再回顾一下吧~法硕超话#考研#考研超话#法硕##法硕技术流#​,,112,31,156
65,5083286445229997,6061121623,如果需要鼓励的话,https://weibo.com/6061121623,09月27日 18:36,iPhone客户端,求你了，千万别改414表面看起来风平浪静无所谓，整个下午心都快死了知道吗很有所谓我嘴硬罢了#考研#​,,0,4,1
66,5083286203009636,7596218186,OxO顾北辰,https://weibo.com/7596218186,09月27日 18:35,iPhone客户端,💢henceforth💢恨死(hence)forth从此以后恩断义绝#考研##考研英语#​,,0,0,0
67,5083286034712516,7395404298,bshtlan,https://weibo.com/7395404298,09月27日 18:34,vivo S9 极夜柔光自拍,学不下去学不下去学不下去怎么办怎么办怎么办啊啊啊啊啊啊啊啊啊啊真的很崩溃啊#考研#​,,0,1,0
68,5083285766015832,1114286271,商志考研英语,https://weibo.com/1114286271,09月27日 18:33,华为 Mate X3 典藏版,快速学历提升通道，免考试录取，可躺平拿双证！考研超话#2025考研##考研#​,,0,1,0
69,5083285493645878,6148226484,_夏深_,https://weibo.com/6148226484,09月27日 18:32,iPhone客户端,🏁墨墨背单词打卡Day131💻累计学习单词：1702个📅今日学习单词：16个🕙今日记忆次数：31次🌟今日重点单词：commit[动]犯（罪、错）；承诺；（公开地）表达意见；投入#考研#​,,0,0,0
70,5083285428634472,6412193015,御稲荷寿司,https://weibo.com/6412193015,09月27日 18:32,iPhone客户端,救命啊，翻硕考研的成百上千个百科词条究竟怎么才能塞到我脑子里！一不留神就全出去了，太痛苦了#考研#日语专业考研超话#西安交通大学##翻硕#​,,0,1,0
71,5083284504054164,7381820765,月月想上岸,https://weibo.com/7381820765,09月27日 18:28,荣耀70 5G,背背背，库库背，普心终于终于背完一遍了，进度确实有点慢，政治最近在刷题，刷的挺浪费题的感觉，英语听斌斌老师的，然后用万词王背晓燕老师的核心单词，昨天傍晚喝了个咖啡，然后晚上睡不着，就打开手机背单词，给我自己感动坏了，今天早上直接没爬起来#考研打卡##347##英语一背单词##考研#​展开,背背背，库库背，普心终于终于背完一遍了，进度确实有点慢，政治最近在刷题，刷的挺浪费题的感觉，英语听斌斌老师的，然后用万词王背晓燕老师的核心单词，昨天傍晚喝了个咖啡，然后晚上睡不着，就打开手机背单词，给我自己感动坏了，今天早上直接没爬起来#考研打卡##347##英语一背单词##考研##凉音大纲解析#,0,0,0
72,5083282779932234,5537467149,海文考研嘻嘻妹,https://weibo.com/5537467149,09月27日 18:22,iPhone客户端,今天多做一点点明天上岸快一点#考研##徐州工程学院##考研数学张宇##海文考研教育#徐州·海文考研(徐州市新城区教学咨询服务中心)​,,0,0,0
73,5083282261937219,5032219317,再吃3亿亿口,https://weibo.com/5032219317,09月27日 18:19,墨墨背单词,💢playhavocwith#学习打卡##考研#​,,0,0,0
74,5083281953918737,7708624300,i自言自语罢了,https://weibo.com/7708624300,09月27日 18:18,HUAWEI Mate 40E,一切顺利！#考研#​,,0,1,0
75,5083280408053077,5644735457,谣言言言,https://weibo.com/5644735457,09月27日 18:12,墨墨背单词,🏁墨墨背单词打卡Day233💻累计学习单词：6392个📅今日学习单词：150个🕙今日记忆次数：635次🌟今日重点单词：imperativeadj.紧急的；极重要的；祈使的#考研#​,,0,0,0
76,5083278693894111,5761463820,月亮上的垂耳兔-,https://weibo.com/5761463820,09月27日 18:05,iPhone客户端,💢soastodosth.💢soasto以便+dosth做某事=以便做某事#考研##背单词#​,,0,0,0
77,5083278597950371,6489024623,考研的锦鲤,https://weibo.com/6489024623,09月27日 18:05,考研超话,考研超话25考研数学武忠祥#考研##25考研##考研数学#​,,0,3,1
78,5083277241355890,7228962045,考研斯基,https://weibo.com/7228962045,09月27日 18:00,,考研又又缩招了？去年也这么说...九月下旬，不少学校都发布了25考研的招生简章，不少同学反映自己的报考专业缩招严重。录取分数逐年飙升，但是招生人数却对半减少，不免有人开始自我怀疑，我这是命里无“研”吧！？无论是应届考研的新手，还是二战三战的成熟玩家，谁都没有先知能力去预测未​展开,考研又又缩招了？去年也这么说...九月下旬，不少学校都发布了25考研的招生简章，不少同学反映自己的报考专业缩招严重。录取分数逐年飙升，但是招生人数却对半减少，不免有人开始自我怀疑，我这是命里无“研”吧！？无论是应届考研的新手，还是二战三战的成熟玩家，谁都没有先知能力去预测未来，面对“缩招”，只能抱怨一声“时运不济”，然后该学学该背背。大多数院校所谓的缩招只是小程度的，看开一点，缩招的情况存在于多个院校专业，命运并非只选中了你，即使是大范围的缩招，报考目标一致的所有竞争对手此刻都与你同病相怜。🎈1.其实“缩招”与“扩招”同时存在大致浏览一下关于“缩招”的帖子，多是单个考生对于自己报考院校与专业缩招的不满，很少会有关于某个学校或者其中某个学院整体招生人数减少的评论。对比多个院校的招生简章能够发现，大多数学校的招生总人数都比较稳定，具体到各个学院人数浮动也不会很大，有升有降这都是正常调整。例如三峡学院，水利与环境学院的水利工程、环境工程专业，2025年拟招生人数比2024年各减少2人，而管理科学与工程专业、水利工程专业各增加了3人、49人。🎈2.为什么“缩招”？（1）推免人数比例增加大多数学校的各个专业招生人数几乎是不变的，但是其中推免生的比例增加了，相对而言留给统考的名额就减少了，这个问题在学硕上更明显。很多招生简章公布的是包括推免人数和统考人数的拟招总数，具体留给统考多少份额，还要等推免名单公布之后大家自行计算。招收的推免生人数呈上升趋势，但是也会有对考生来源的各部分占比进行控制的情况。例如西南财经大学2024年硕士研究生专业目录里要求“全校推免生招生数不超过全日制招生计划总数的50%”，如果有专业接收的推免生人数大于拟招公布人数，则统考招生人数计算方式变更为公布招生人数的30%。（2）学校招生计划减少每一年的生源质量不一，学校的发展也不会一直高速前进。经费变化、师资变动、设备老旧等问题都会导致学校减少招生计划。最直观的体现就是，个别学校研一还能住学校宿舍，研二需要出去自行解决住宿，为的就是给新生腾地方。（3）上一年度生源不足有些专业一志愿复试的时候上线人数就不够，开了调剂之后也没招满，这时学校就会考虑第二年将计划人数向下微调一点。不过这种情况一般是出现在部分工科或者农学的专业上，且原有招生人数的基数比较大，缩招之后的影响较弱。🎈3.如果遇到“缩招”的情况，那么……（1）对比历年招生信息各校的招生简章、招生专业目录这种重要的官方文件，一般学校官网上都会长久保留，大家可以详细查阅一下，对比一下历年的分数变化，看看缩招之后的人数的对应录取分数，凭自己的能力是否能够达到。如果历年招生人数都很稳定（±5之内），到25考研这届人数明显减少（-40%以上），就要谨慎一点了。各校招生简章中还会写到“具体招生人数根据实际情况可能产生变动”，意味着招生简章中的人数不是固定不变的。去搜相关词条，可以发现实际录取人数比招生简章人数多的学校还不少。（2）不要轻易换学校招生人数减少了，大家的第一想法肯定是“完了”，然后打起退堂鼓，但是很难有两所学校的某一专业存在参考书目、历年真题等信息完全重合的局面。既然有勇气去挑战一个全新的目标，不如趁着这股冲劲儿坚持住原有的选择，说不定就能得到你想要的结果。换学校之前一定要考虑清楚。（3）稳住心态考研人好像对“缩招”这两个字十分敏感，不管帖子是不是有关于自己，都会下意识点进去看看。考研人要有一种波澜不惊的淡感，困难总有解决的办法，兵来将挡，稳住、能赢。如果备考过程中的突发障碍太多，头铁坚持或者调整目标都情有可原，但是做决定之前一定要想清楚后面要走的路，频繁地知难而退可不是好习惯~#考研##25考研##决战考研#,0,0,2
79,5083275608195889,6096130298,i老吴油,https://weibo.com/6096130298,09月27日 17:53,iPhone客户端,💢deprivation💢德普瑞为神他可以剥夺你的一切权利，让你被免职#考研##学习打卡#​,,0,1,0
80,5083274822814120,7804674866,青岛博硕达寄宿考研基地高老师,https://weibo.com/7804674866,09月27日 17:50,iPhone 12,#考研#考研，如何选择靠谱的机构？首选推荐博硕达教育！👍🏻#加油考研人##考研上岸##山东科技大学##中国石油大学#青岛·山东科技大学青岛校区​,,0,1,0
81,5083273711061660,6675580215,尼酱的凛宝,https://weibo.com/6675580215,09月27日 17:45,iPhone客户端,我勒个考研大变革#考研#爆改理综我还没上岸呢让我提前领悟两弹一星精神​,,0,2,0
82,5083271440368085,7602268400,时间都知道42727,https://weibo.com/7602268400,09月27日 17:36,OnePlus 9R,一轮打卡#考研##25考研#​,,0,2,0
83,5083271260278359,7720048302,山海无音Z,https://weibo.com/7720048302,09月27日 17:36,墨墨背单词,🏁墨墨背单词打卡Day26💻累计学习单词：198个📅今日学习单词：20个🕙今日记忆次数：55次🌟今日重点单词：unreflectingadj.不反省的；无思虑的；浅薄的#考研#​,,0,0,0
84,5083267361146149,6998301984,余峰考研政治,https://weibo.com/6998301984,09月27日 17:20,微博视频号,#考研政治#考研政治超话#考研#考研超话#决战考研##25考研#考研政治选择题得高分的秘诀是什么？且听余老师的分析！余峰考研政治的微博视频​,,2,0,3
85,5083267127316587,5581919640,Augustine_J,https://weibo.com/5581919640,09月27日 17:19,iPhone客户端,坚持住呀！！！85天#考研#​,,0,3,1
86,5083266891648312,5718323483,太原考研寄宿营袁老师,https://weibo.com/5718323483,09月27日 17:18,二战考研超话,原来考研报考点是要抢的！预报名也不远了有一个很重要的事情是报考点选择的问题，往年有很多同学在这个问题上犯迷糊让我看看今年还有谁因为这个报考点的问题错过考试的？赶紧看看👇🏻#考研#山西师范大学超话山西二战考研寄宿营超话山西医科大学超话二战考研超话​展开,原来考研报考点是要抢的！预报名也不远了有一个很重要的事情是报考点选择的问题，往年有很多同学在这个问题上犯迷糊让我看看今年还有谁因为这个报考点的问题错过考试的？赶紧看看👇🏻#考研#山西师范大学超话山西二战考研寄宿营超话山西医科大学超话二战考研超话太原·山西大学,0,0,0
87,5083266554269041,2139955771,金融硕士_MF,https://weibo.com/2139955771,09月27日 17:17,微博网页版,缩招15人！中国科学技术大学2025年金融专硕招生人数已公布！》》》网页链接#考研##金融硕士##431金融专硕#​,,0,1,0
88,5083266019230451,7788648367,Leon1-1,https://weibo.com/7788648367,09月27日 17:15,iPhone客户端,💢assertion💢啊舌伸，舌头伸出来主张，断言，声明#考研##学习打卡#​,,0,0,0
89,5083265410794766,7642292117,Walk__-,https://weibo.com/7642292117,09月27日 17:12,墨墨背单词,🏁墨墨背单词打卡Day188💻累计学习单词：2727个📅今日学习单词：245个🕙今日记忆次数：672次🌟今日重点单词：designatev.任命；选派；指明；命名为#考研##学习打卡#​,,0,0,0
90,5083265373572034,5493809159,多多少少少w,https://weibo.com/5493809159,09月27日 17:12,iPhone客户端,💢quota💢“扣他”→哪名员工表现不好，就扣他年终（定额）奖金。#考研##学习打卡#​,,0,1,0
91,5083264923992722,5895879475,tinkling5433,https://weibo.com/5895879475,09月27日 17:11,iPhone客户端,考研政治笔记：史纲历次重要会议总结#考研政治##考研##25考研##考研政治干货#莆田·中科考研莆田校区​,,0,0,0
92,5083264240320634,6284263067,赵鑫Joe_sen,https://weibo.com/6284263067,09月27日 17:08,iPhone客户端,感觉自己又行了，定积分几何应用终于入门了#求积分##考研#​,,0,1,0
93,5083263926537070,7787256350,小迦_,https://weibo.com/7787256350,09月27日 17:07,nova11系列敢拍敢出色,每日一问南财什么时候出考纲#南京财经大学##考研#​,,0,0,0
94,5083263513133695,3805253817,纸七姑娘,https://weibo.com/3805253817,09月27日 17:05,Note 10 Pro,#考研#来听学校请的老师的讲座希望能有所收获​,,0,5,0
95,5083262573878819,7844814151,用户7844814151,https://weibo.com/7844814151,09月27日 17:01,iPhone客户端,#考研##199管综mpacc#​,,0,0,1
96,5083261925851213,7271706059,好想吃饭1213,https://weibo.com/7271706059,09月27日 16:59,湖南师范大学考研超话,有偿出湖师大体育考研346初试资料湖南师范大学考研超话#体育考研##考研##体育综合#​,,0,2,0
97,5083260986594041,6070687657,考研五仁学长,https://weibo.com/6070687657,09月27日 16:55,大连海事大学超话,海事信院和人院考研辅导哪家强？不好意思，学长我只用实力说话。随机来几张上岸战绩截图，欢迎加q群1019880174​​​#计算机#考研超话#考研#大连海事大学超话#大连海事大学#​,,0,1,1
98,5083259583070548,7425441424,小非勇敢飞,https://weibo.com/7425441424,09月27日 16:49,2025考研超话,这个开学季@考研政治陆寓丰老师空降南开大学\安徽大学\广东财经大学感谢@微博教育的大力支持#考研##决战考研##考研预报名推迟#​,,0,0,5
99,5083259119603278,7158699679,谷江山的山,https://weibo.com/7158699679,09月27日 16:47,Redmi Note 13 Pro,学呗，慢慢学#考研#​,,0,1,0
100,5083258807124318,6602679819,苟且wj,https://weibo.com/6602679819,09月27日 16:46,iPhone客户端,🏁墨墨背单词打卡Day103💻累计学习单词：7162个📅今日学习单词：250个🕙今日记忆次数：384次🌟今日重点单词：elevation[名]海拔；提升；高地；立面图；立视图#考研##考研英语#​,,0,0,0
101,5083258339459797,7717144050,努力会变好的kkk,https://weibo.com/7717144050,09月27日 16:44,Note 9,#考研#财大，接辅导、出资料，初试可以，复试也阔以，801可以，432也可以，统计学，应用统计，天津财经大学，个人，非机构#考研国家线#​​​初试第9，复试第3，总成绩第二。#天津财经大学考研#🙋​,,0,1,0
102,5083257979275603,6904696845,矿大考研小助手,https://weibo.com/6904696845,09月27日 16:43,微博视频号,2023这一年我完成了大学四年的梦想——成功读上了中国矿业大学测绘专硕研究生#考研##矿大考研#矿大考研超话#南湖##中国矿业大学超话#中国矿业大学考研超话#中国矿业大学#中国矿业大学超话#2025考研#2025考研超话2024考研超话矿大考研小助手的微博视频​,,0,0,0
103,5083257427202577,7376810383,RANSYOUU,https://weibo.com/7376810383,09月27日 16:41,艺术考研超话,艺术考研超话#艺术##考研#艺术考研超话#生活手记##烟雨茶##烟雨茶#RANSYOUU的微博视频​,,0,1,2
104,5083257278041475,6215903164,脾气暴躁的褚律,https://weibo.com/6215903164,09月27日 16:40,HUAWEI P50,就业导师咨询ing连接三名同学的咨询call感谢同学们的信任❤️也越来越感受到孩子们对于未来前途的焦虑茫然我想说的是别怕焦虑是想出来的而事情和办法是做出来的👌🏻#考研##法学调剂##考研调剂#​,,0,1,1
105,5083257202805337,6585585057,酸豆角炒饭x,https://weibo.com/6585585057,09月27日 16:40,华为手机,火力瞬间就加满了#考研#​,,0,1,0
106,5083256547970972,5851206948,泰泰的抱枕,https://weibo.com/5851206948,09月27日 16:37,墨墨背单词,💢glimpse💢格林怕死，瞥了一眼。#考研##学习打卡#​,,0,1,0
107,5083253603831005,3703679100,今日张店,https://weibo.com/3703679100,09月27日 16:26,,#卷学历和卷考公到底该怎么选#超全超完整的历史时间轴，收藏，省考、考研、国考或许都用得上！#考研##考研考公#​,,3,3,3
108,5083252249595494,7270905894,滚去背单词-,https://weibo.com/7270905894,09月27日 16:20,iPhone客户端,💢premium💢“拼了命”所以保险要高，奖金要高#学习打卡##英语##自律##考研##考研英语#​,,0,1,0
109,5083251109004102,7708756015,冬月里的狗,https://weibo.com/7708756015,09月27日 16:16,墨墨背单词,💢perpetual💢“per”每一个“pet”宠物都希望长久permanent永久的durable持久的#考研#​,,0,1,0
110,5083247123369825,7845200381,海文卷毛老师,https://weibo.com/7845200381,09月27日 16:00,微博网页版,【9月该有的考研复习强度，12h真的不可取！！！】需要复习指导规划的同学可以后台咨询我！#决战考研##考研##2025考研#​,,0,1,0
111,5083246260128334,6100289171,一个糕冷的糕手,https://weibo.com/6100289171,09月27日 15:56,墨墨背单词,💢purse💢“破死”：“钱包”破死了换个新的吧。#考研##考研英语#​,,0,1,0
112,5083246199309937,7845200381,海文卷毛老师,https://weibo.com/7845200381,09月27日 15:56,微博网页版,【高失业风险警告！这些专业就业难，考研如何逆袭？】下半年关键复习开始啦！需要考研备考指导的同学后台咨询我！#考研##决战考研##考研择校#​,,0,1,0
113,5083245821823481,7845200381,海文卷毛老师,https://weibo.com/7845200381,09月27日 15:55,微博网页版,【马理论考研过线就录取的院校汇总】近年部分宝子考研是为了更好考公，可以选择更好的单位、岗位，其中马理论专业就是这样的专业之一，读完研考公单位好，岗位多，而且进高校既可以当马理论老师、思政老师、还可以当辅导员。加上咨询的同学也较多，今天就马理论专业过线（复录比低）的院校进行整理，​展开,【马理论考研过线就录取的院校汇总】近年部分宝子考研是为了更好考公，可以选择更好的单位、岗位，其中马理论专业就是这样的专业之一，读完研考公单位好，岗位多，而且进高校既可以当马理论老师、思政老师、还可以当辅导员。加上咨询的同学也较多，今天就马理论专业过线（复录比低）的院校进行整理，供大家考研择校参考。#决战考研##考研##马理论考研#,0,0,0
114,5083245328465971,7282757394,A一zzZ,https://weibo.com/7282757394,09月27日 15:53,墨墨背单词,💢drift💢要“追福特”，得漂移。#考研##学习打卡##背单词#​,,0,0,0
115,5083244908776571,7499680764,徐佑年,https://weibo.com/7499680764,09月27日 15:51,iPhone客户端,好热好热好热，天气又开始热了背书背书背书，又是背书的一天没心没肺，开心加倍#生活手记##考研##plog##生活碎片#​,,0,0,0
116,5083244290900442,7483431732,小白蔡0906,https://weibo.com/7483431732,09月27日 15:49,墨墨背单词,💢rack💢软壳“架子”太软了容易被“破坏”#考研##学习打卡#​,,0,0,0
117,5083243618243934,5934492966,考研憨憨学长,https://weibo.com/5934492966,09月27日 15:46,考研超话,考研超话【25考研10月规划】完成这些保底任务，考研稳稳上岸！#我的微博日常##开学快乐##考研#考研憨憨学长的微博视频​,,1,0,5
118,5083242680030136,3188585563,达立易考专硕,https://weibo.com/3188585563,09月27日 15:42,微博视频号,考研英语二小标题对应题型专项训练（下）#考研##考研英语二##英语二新题型#达立易考专硕的微博视频​,,0,0,0
119,5082626905871701,6858194286,考研Neko酱,https://weibo.com/6858194286,09月27日 15:37,考研超话,考研超话考研作文关键词真的很重要啊#考研##考研英语##25考研#​,,38,1,93
120,5083241170338527,7406760763,敏感才不是毛病呢,https://weibo.com/7406760763,09月27日 15:36,iPhone客户端,都这个时候了我没玩手机上课学学考研的课程为什么不行啊#考研#​,,0,3,0
121,5083240071433698,7064481871,模拟山羊哥布林,https://weibo.com/7064481871,09月27日 15:32,墨墨背单词,🏁墨墨背单词打卡Day159💻累计学习单词：1899个📅今日学习单词：300个🕙今日记忆次数：880次🌟今日重点单词：representativen.代表；典型事物#考研##自律#​,,0,0,0
122,5083240001440888,5520123092,Eenoe,https://weibo.com/5520123092,09月27日 15:32,iPhone客户端,💢arouse💢a（一个）rouse（肉丝），一个肉丝就能把你叫醒！#考研#​,,0,0,0
123,5083239769179492,7491896228,莓果巡游时zz,https://weibo.com/7491896228,09月27日 15:31,荣耀200 写真相机,参加浙传考研盒子公益模考！@浙传考研盒子#考研##新传考研#​,,0,1,0
124,5082927187362395,1236762247,王江涛老师,https://weibo.com/1236762247,09月27日 15:29,微博网页版,同学们，还有谁没背完大纲核心词啊？今天再次整理【考研大纲5500词】给你⬇️戳评论区直接获取，一定要按表格顺序背完！#考研##决战考研##考研英语#​,,5,1,21
125,5083237304764116,7803949938,Jasmine-Puff,https://weibo.com/7803949938,09月27日 15:21,iPhone客户端,海马体也算是约上合适的时间了#考研#​,,0,1,1
126,5083237203841582,3893420628,姚尧博士,https://weibo.com/3893420628,09月27日 15:20,华为 Mate X5,有些学生真的就是这种容易受骗的体质小学老师，​本科，7980报了名，人家说直招，直接就可以去读研今天问我怎么发C刊只能是遇到骗子才能发的出来，正常发真的发不出来#考研#​,,0,0,1
127,5083236671686438,7479059314,程有有鸭,https://weibo.com/7479059314,09月27日 15:18,iPhone客户端,💢standdown💢不站了站下去了#考研##返校季#​,,0,1,0
128,5083234331525488,5626384480,Niaon1218,https://weibo.com/5626384480,09月27日 15:09,微博轻享版,有没有办法让我辟谷#考研##管综#​,,0,0,0
129,5083233819821602,5195058282,零碎的晨koi_,https://weibo.com/5195058282,09月27日 15:07,iPhone,🏁墨墨背单词打卡Day133💻累计学习单词：6101个📅今日学习单词：309个🕙今日记忆次数：514次🌟今日重点单词：crack[名]裂缝；破裂声；裂纹|[动]破裂；打击；使崩溃|[形]最好的#考研复试##考研#​,,0,1,0
130,5083233616135232,7735533909,-我有病让让我-,https://weibo.com/7735533909,09月27日 15:06,Android,#考研#专业课难背的和💩一样​,,0,0,0
131,5083233050166370,6444487762,学科音乐唐芬,https://weibo.com/6444487762,09月27日 15:04,湖南师范大学超话,背诵一定要每天坚持，无论背多背少，要相信这都会是你在考研中所拿的至关重要的那一分湖南师范大学超话#湖南师大学科音乐##音乐考研##考研#​,,0,0,1
132,5083233027625112,7414402367,午夜幻想家嗷,https://weibo.com/7414402367,09月27日 15:04,墨墨背单词,🏁墨墨背单词打卡Day120💻累计学习单词：4934个📅今日学习单词：209个🕙今日记忆次数：504次🌟今日重点单词：comparatively[副]相对地；比较地；对比地#考研##自律#​,,0,1,0
133,5083231785845034,6802117478,Q姐_Michelle,https://weibo.com/6802117478,09月27日 14:59,考研超话,🔥今晚19:00-25考研政治腿姐技巧冲押班继续上课，每位上岸人必听课👏前阅卷人陆寓丰老师带你2h掌握马原选择题技巧！💪考前冲刺考研政治必听腿姐技巧班，听过分数直线上升！————————💥开课特惠，今日报名加赠《腿姐必胜套装》#考研##决战考研##考研预报名推迟#​,,0,1,0
134,5083231541791294,7460022043,河海大学考研酱,https://weibo.com/7460022043,09月27日 14:58,河海大学超话,河海大学超话#25考研##河海大学##考研#同学们关于目标院校专业还有问题想咨询的，可以去提问了！注意每个学校的咨询周开放日期不是统一的，要问的赶紧去问哦，提问的越仔细，学校回复的会越详细.注意!!河海开放时间：2024-09-26至2024-09-27|09:00-17:002024-09-29|09:00-17:00​,,0,1,0
135,5083229918332687,5407746949,a原野新之助aa,https://weibo.com/5407746949,09月27日 14:51,iPhone客户端,有没有适合傻子读的#医学专业#，还好找工作的那种#考研西综##张雪峰专业推荐实用主义取向##考研#​,,0,1,0
136,5083229730376200,5318020044,我燥称冯福,https://weibo.com/5318020044,09月27日 14:51,墨墨背单词,💢congratulate💢肯刮去累特，肯刮去使你累的东西特别值得祝贺。#考研##考研英语##英语#​,,0,0,0
137,5083228969108776,6487946490,昭昭学姐,https://weibo.com/6487946490,09月27日 14:48,四川师范大学考研超话,四川师范大学考研超话四川师范大学最近几年招生简章的发布时间：2023年9月20日发布-2024年2022年9月16日发布-2023年2021年9月17日发布-2022年2020年9月11日发布-2021年2019年9月12日发布-2020年2018年9月10日发布-2019年2017年9月18日发布-2018年2016年9月21日发布2017年2025年到底是​展开,四川师范大学考研超话四川师范大学最近几年招生简章的发布时间：2023年9月20日发布-2024年2022年9月16日发布-2023年2021年9月17日发布-2022年2020年9月11日发布-2021年2019年9月12日发布-2020年2018年9月10日发布-2019年2017年9月18日发布-2018年2016年9月21日发布2017年2025年到底是什么时候出呢？#戏剧与影视学考研##25考研##考研#四川师范大学考研超话#四川师范大学考研#,0,1,0
138,5083228247427766,7724725767,华南农考研酱,https://weibo.com/7724725767,09月27日 14:45,华南农业大学考研超话,2025考研咨询周活动已经正式开始！同学们关于目标院校专业还有问题想咨询的，可以去提问了！注意每个学校的咨询周开放日期不是统一的，要问的赶紧去问哦，提问的越仔细，学校回复的会越详细~华南农业大学考研超话#考研咨询##考研#考研超话华南农业大学考研超话#华南农业大学考研#​展开,2025考研咨询周活动已经正式开始！同学们关于目标院校专业还有问题想咨询的，可以去提问了！注意每个学校的咨询周开放日期不是统一的，要问的赶紧去问哦，提问的越仔细，学校回复的会越详细~华南农业大学考研超话#考研咨询##考研#考研超话华南农业大学考研超话#华南农业大学考研##华南农业大学##25考研#2025考研超话#问题问答##考研咨询周#,0,1,0
139,5083227962477881,7766416419,理工科蒋学姐,https://weibo.com/7766416419,09月27日 14:44,微博网页版,海文考研关于美术生考研易上岸院校方向推荐26考研想要选择美术专业的同学看过来，考研是一个复杂的系统工程，如何能选到与自己的实力、兴趣、未来发展相匹配的专业和院校呢？各院校的信息又该如何获取、分析和对比呢？海文考研替大家整理了美术生考研易上岸院校，大家赶紧码住！有择校择专需求的同​展开,海文考研关于美术生考研易上岸院校方向推荐26考研想要选择美术专业的同学看过来，考研是一个复杂的系统工程，如何能选到与自己的实力、兴趣、未来发展相匹配的专业和院校呢？各院校的信息又该如何获取、分析和对比呢？海文考研替大家整理了美术生考研易上岸院校，大家赶紧码住！有择校择专需求的同学，欢迎滴滴哦~/一对一择校择专指导，下方call我#考研#26考研#美术生#考研院校#择校择专#海文考研,0,1,1
140,5083227477249213,7409910115,阿十2020,https://weibo.com/7409910115,09月27日 14:42,Redmi Note 12 Turbo,考研政治大纲!!!你是想要我的命吗?还不出!!!世界怎么还不炸了!烦透了!!!我正等出《徐涛背诵笔记》背诵笔记开始背呢，还不发，着急着急着急!都说不焦虑，但是我真的超级焦虑!!!只能安慰自己人家是按照大纲严格编写的，先自己把课上的读两遍吧!想，只会出问题干!!!#考研#​,,0,0,0
141,5083227232406719,6489024623,考研的锦鲤,https://weibo.com/6489024623,09月27日 14:41,考研超话,考研超话25王晶婷《写作急救50词》#考研##考研英语##25考研#​,,0,3,2
142,5083226890569139,1959883385,兴安日报,https://weibo.com/1959883385,09月27日 14:39,iPhone客户端,#卷学历和卷考公到底该怎么选#近年来，“考研热”降温的同时，“考公热”却在升温：2023年国考资格过审人数超250万，同比增加了50万人，增幅达近十年之最；2024年国考也已有303.3万人顺利通过用人单位的资格审查，有史以来首次突破300万人大关，而竞争之激烈也已白热化，平均每个公务员职位有77人争抢​展开,#卷学历和卷考公到底该怎么选#近年来，“考研热”降温的同时，“考公热”却在升温：2023年国考资格过审人数超250万，同比增加了50万人，增幅达近十年之最；2024年国考也已有303.3万人顺利通过用人单位的资格审查，有史以来首次突破300万人大关，而竞争之激烈也已白热化，平均每个公务员职位有77人争抢。#考研#虽然放弃考研的人未必都去考公了，但有一点是肯定的，很多（也许是大部分）考生都只是为了谋个饭碗，考研和考公不过是摆在眼前的两条不同道路罢了。对无数普通家庭来说，这是很现实的选择：再怎么深造，到头来无非是“混碗饭吃”，那就要权衡哪一条路更能有助于自己实现这一生活愿景。“考研热”之所以延烧多年，表面上看是“学历崇拜”，实际上对很多考生来说也是迫不得已。本科学历早已是招聘信息的最低限了，连以实用技能著称的程序员都开始设定学历和学校要求了，有张研究生文凭，好歹也能增加点竞争力。那会至少还有高薪岗位吸纳就业，再不济，还有教培托底。一直有人抨击这些年研究生教育的种种畸形现象，大学成了高中教育的延续，而研究生又成了大学的延续，现有研究生教育总体没比本科高多少，很多根本不适合做学术研究的也一窝蜂考研，只是多混几年，这样无意义地“卷”到底有什么必要？而现在，越来越多的人发现，考研只相当于延毕，但研究生学历仍然不足以保证就业——学历当然重要，但也不是有了学历就完事了。对于二本学生来说尤其心酸而讽刺的一个现实是：由于硕博学历泛滥，近年来许多用人单位倒是会注重看你本科院校是哪里，因为据说这才真实反映你高考时的实际学力，这就在很大意义上抵消了研究生学历的符号价值。在这种情况下，考公当然就成了具有吸引力的选择，特别是考研只能报考一家，考公可以有国考选调省考市考事业编，机会相对来说会更多。此前之所以那么多人考研，一个现实的考虑是，考研好歹录取率还高点，但考公的话20:1就算是很小的报录比了，大概率是无用功。不过形势正在发生变化：考研录取率近年来在下降，如今就业又太难，硕士博士照样找不到工作，花了多年时间、精力、金钱还不能保证有个好工作，那考研意义也不大了，很多人就此选择放弃。当下考研人数的下降，与其说是“学历崇拜退潮”这样的社会价值观变化，倒不如说是就业市场形势变化之下，人们根据风险重新调整自己人生规划的集体选择。高学历高薪的就业岗位本就不多，这就势必会迫使人们为了少数稀缺资源挤破头。职场新人不得不接受自己找不到好岗位的现实，就算有硕博学历也极大概率找不到好工作。望遍择业市场以及有可能的其他出路，考公居然成了最佳选择。不少人考研的目的是为了参加人才引进（减小考公考编的竞争压力）和选调生资格，同样是为了方便进体制。这样一想，考公是直接进体制，两者并不冲突。公务员不好考，录取率低，但应届生考上的概率更高。如果研究生毕业还是要考公，倒是能多考几年：考公有年龄限制（18-35岁），应届毕业研究生（非在职）则可以放宽到40周岁以下，不过，应届才享受放宽的一次性机会，有谁想40岁硕博毕业才进体制吗？试想一下，既然考研的就业不确定性大了，录取率还降了，考公却欢迎应届生，如果考研失败，失去了应届生的身份，再去考公，损失就更大了。明了这些，我们就能意识到，考公考研的此起彼伏，并非偶然，一旦形成后也很难迅速扭转。问题也正在这里：这乍看起来是千百万个体基于理性做出的集体选择，但最终造成的结果是不是好事，却很难说。诚然，当下的现实促使人们重新冷静认识读研的必要性，但蜂拥去考公，却又意味着许多年轻人才厌恶风险，相比起将自己的聪明才智用于创新事业上，把社会财富的蛋糕不断做大，更多人宁愿去参与分蛋糕。要解决这个问题，重要的不是去责备年轻人没能做出正确的选择，而是为他们提供更好的托底保障和市场机会，让他们能安心在时代大浪中冲浪，得到更好的回报。,0,0,0
143,5083226692916400,7820552951,知识芝士快进脑,https://weibo.com/7820552951,09月27日 14:39,四川师范大学考研超话,四川师范大学考研超话🔔网文终于迎来“精英商战”：阅文与番茄“双雄对决”⛳中国网文是时代的产物，被时代洪流淘洗出来。只是现阶段的网文行业，已经不需要那么多“宏大叙事”。作者端的竞争，IP版权的价格比拼，AI的挑战，任何一处的pk，都是硬核的。‍‍‍‍‍‍⛳网文虽“轻”，但细节​展开,"四川师范大学考研超话🔔网文终于迎来“精英商战”：阅文与番茄“双雄对决”⛳中国网文是时代的产物，被时代洪流淘洗出来。只是现阶段的网文行业，已经不需要那么多“宏大叙事”。作者端的竞争，IP版权的价格比拼，AI的挑战，任何一处的pk，都是硬核的。‍‍‍‍‍‍⛳网文虽“轻”，但细节处的精彩，并不亚于手机大厂、新能源汽车间的较劲。有些争斗，和这些行业一样，都值得品味。‍‍‍‍‍‍‍‍‍‍‍‍草根生态起势的网文，如今正进入到""精英化""商战的新阶段，头部平台面临全方位的斗法，第二梯队和第三梯队，也迎来了是否要更精准定位的命题。⛳这些都是商业教科书经典课程。现在才进入商战经典课程，谁能不说咱们网文行业还""年轻""？‍‍‍‍‍‍‍‍‍‍‍‍‍‍‍‍‍‍‍‍‍‍‍‍‍‍‍‍#考研##戏剧与影视学##广播电视##川师影传考研#",0,0,0
144,5083226689505994,7766416419,理工科蒋学姐,https://weibo.com/7766416419,09月27日 14:39,微博网页版,被戏称“二仙桥大学”的成理，考研性价比绝了！考研想考985/211但实力有限？不妨看看仅为“双一流”的院校~虽然综合能力可能不如985/211但学科实力强，报考难度也会更低例如——成都理工大学有择校择专需求的同学，欢迎滴滴哦~/一对一择校择专指导，下方call我#考研#26考研#成都理工大学#考​展开,被戏称“二仙桥大学”的成理，考研性价比绝了！考研想考985/211但实力有限？不妨看看仅为“双一流”的院校~虽然综合能力可能不如985/211但学科实力强，报考难度也会更低例如——成都理工大学有择校择专需求的同学，欢迎滴滴哦~/一对一择校择专指导，下方call我#考研#26考研#成都理工大学#考研择校#,0,1,0
145,5083225048745020,6345954932,情绪的桶桶,https://weibo.com/6345954932,09月27日 14:32,墨墨背单词,💢filter💢（过滤）掉一切，因为“非要他”。#考研英语##考研##学习打卡#​,,0,1,0
146,5083223731736282,7483461366,As阿晌,https://weibo.com/7483461366,09月27日 14:27,墨墨背单词,💢indulgence💢“因打针死”=瘾君子（放纵）自己吸药过度#考研#​,,0,0,0
147,5083222181151141,2609784071,WAN睿,https://weibo.com/2609784071,09月27日 14:21,墨墨背单词,💢incompetent💢因康婆疼得，因为被疼爱，所以无能力的，不能胜任的#考研#​,,0,0,0
148,5083221794226737,7501115994,上岸吧_就现在,https://weibo.com/7501115994,09月27日 14:19,iPhone客户端,考研超话学生会招新终于结束了喜欢不被打扰的感觉参观了科技公司还挺好玩的今年的迎新和毕业季周边头头居然都没有（失策了..买了很好吃的开心果抹茶曲奇🍪还抽到了一个可爱的星星人复习依旧很紧张…#考研##生活手记#​,,0,0,1
149,5083221230356992,7740237232,yyang咩咩_,https://weibo.com/7740237232,09月27日 14:17,墨墨背单词,💢deceit💢敌视it它因为它欺骗了我#考研##考研复试#​,,0,1,0
150,5083219159942917,7254184959,蓬乱89144,https://weibo.com/7254184959,09月27日 14:09,iPhone客户端,💢roast💢肉死特：把肉【烤】死了。#英语##学习##背单词##考研打卡##考研#​,,0,1,0
151,5083218011751572,7076646668,城府24861,https://weibo.com/7076646668,09月27日 14:04,墨墨背单词,💢prick💢颇锐可这尖刺颇锐利，可容易扎人#考研##考研英语#​,,0,0,0
152,5083217633217489,5203849362,考研调剂糖,https://weibo.com/5203849362,09月27日 14:03,nova 10 主角影像,东北地区新增硕士点合集​需要捡漏一年上岸的抓紧#新增硕士点##云南高校拟新增这些博士点和硕士点##考研#​​​,,0,0,1
153,5083217420357248,6737040908,SUSIEGUI,https://weibo.com/6737040908,09月27日 14:02,iPhone客户端,💢eminent💢俺们能的！【杰出的】人都有能力。#英语##考研#​,,0,1,0
154,5083216634972149,5658791222,爱永远年轻_,https://weibo.com/5658791222,09月27日 13:59,iPhone客户端,喝完这杯咖啡又要和数学大战300回合了#考研#​,,0,1,0
155,5083215263698328,5860117668,一只小花mao,https://weibo.com/5860117668,09月27日 13:53,iPhone客户端,💢inevitable💢“因爱喂太饱”：喂小孩是“不可避免”的事。#学习打卡##考研##背单词##考研英语#​,,0,1,0
156,5083213757680296,7464305445,琐事颜究升,https://weibo.com/7464305445,09月27日 13:47,iPhone客户端,好累哇，最近怎么都学不进去微博真的就是我最后的情绪归宿了，最近真的发生了好多好多事分手、学习进度慢、孤独感，眼睁睁看着时间一天天减少，每天的任务都很压迫，前两天看到刚分手的前女友在十几天跟别人公开了，我整个人心态都是崩溃的，我一直在哭，跟父母哭，跟老师哭，跟姐姐哭，跟​展开,"好累哇，最近怎么都学不进去微博真的就是我最后的情绪归宿了，最近真的发生了好多好多事分手、学习进度慢、孤独感，眼睁睁看着时间一天天减少，每天的任务都很压迫，前两天看到刚分手的前女友在十几天跟别人公开了，我整个人心态都是崩溃的，我一直在哭，跟父母哭，跟老师哭，跟姐姐哭，跟朋友哭，我真的好难受，回想到在一起一年多，又吵过闹过，但她最后还是不能陪我熬过这段艰难的日子，她太需要陪伴了，我时间又很紧，一年多的感情真的这一刻就比不上十几天的新鲜感吗，我不理解我每次这么真心换来的结果却一直让我这么痛苦，我也知道我放下考研对我来说没有任何事情比这还重要，可是我真的好难受，我没有倾诉的对象，我只能自己消化，也有想过放弃，人名日报今天的广告语：请你努力，为了你自己我自己每天也在努力学习，谈课去背书，中午为了节省时间直接就在教室躺在椅子上睡，看到一个博主说：""我的青春过的安静又贫瘠，没有优异的成绩，没有出彩的表现，没有纯洁的校园恋情，像一滩有生命的死水。""那种情绪瞬间扑面而来眼泪都止不住，为什么这么多不开心的事情偏要在这个时候都发生，难道这才是考研的意义吗，考验你的心志是否成熟，考验你的毅力是否坚定，考验你是否能打败自己这个最强大的敌人吗，真的好压抑好焦虑，但所有的焦虑和压抑都是自己给自己造成的，我该怎么办？我好想快点调整回自己该有的状态看到自己拙劣的问题，又觉得是一件很可笑的事情#考研#",0,1,1
157,5083213253051382,6193618196,Lucykkll00,https://weibo.com/6193618196,09月27日 13:45,Xiaomi 14,#考研#有没有人一起拼​,,0,0,0
158,5082854461017512,6041271617,众合法硕教育,https://weibo.com/6041271617,09月27日 13:44,微博视频号,@理论法马峰众合新说唱——“这里是AKArapperbee”监督关系看人常，同级zf你别狂两央两高三委一团301301103团4020永无中；4020永中……念一遍，一定要念一遍法硕超话#考研#考研超话#法硕##法硕技术流#众合法硕教育的微博视频​,,17,5,121
159,5083209368864334,3314904923,乔治妹妹_冲浪版,https://weibo.com/3314904923,09月27日 13:30,iPhone客户端,自律即自由，当你开始自律起来，你会获得源源不断的能量，这些能量会使你自信有底气让自己慢慢变得强大，你想要的才会如你所愿。当你的才华还撑不起你的野心时，就应该静下心来学习。请务必，一而再，再而三，三而不竭，千次万次毫不犹豫的救自己于这世间水火，不要虚度自己的青春年华不要沉迷于无意​展开,自律即自由，当你开始自律起来，你会获得源源不断的能量，这些能量会使你自信有底气让自己慢慢变得强大，你想要的才会如你所愿。当你的才华还撑不起你的野心时，就应该静下心来学习。请务必，一而再，再而三，三而不竭，千次万次毫不犹豫的救自己于这世间水火，不要虚度自己的青春年华不要沉迷于无意义的事情上。一切都来得及，一定能做得到。人生就一次，请让自己的人生充满活力充满动力充满热情。下面这六个字是我在考研期间每天骑车在路上默念的话———我想要，我得到！！送给我所有正在备考公务员和研究生的朋友们，祝你们在这沉淀的时光中厚积而薄发！！#考研##考公##加油#,0,5,3
160,5083208360133920,7764656628,鱼聆_,https://weibo.com/7764656628,09月27日 13:26,墨墨背单词,💢invasion💢因为甚→“侵略”我#考研##学习打卡#​,,0,1,0
161,5083208295385241,7855607498,小罗学长_,https://weibo.com/7855607498,09月27日 13:26,iPhone客户端,25考研管综新大纲已发布#考研##寄宿考研#桂林·桂林信息科技学院​,,0,0,0
162,5083207847904304,6968088183,知行法学,https://weibo.com/6968088183,09月27日 13:24,问答小师兄Android,【问答展示】大家好！今天同大家分享仙法学内容——孟母堂案的案例分析(批改)孟母堂案是各位同学都喜欢进行的案例分析之一，笔者已经很多次看到过该案的批改了，今天就分享一下最近一周对该案所进行的批改。在本次批改中，仙法学小组不仅指出了师弟/师妹案例分析中所存在的问题，还补充了额​展开,【问答展示】大家好！今天同大家分享仙法学内容——孟母堂案的案例分析(批改)孟母堂案是各位同学都喜欢进行的案例分析之一，笔者已经很多次看到过该案的批改了，今天就分享一下最近一周对该案所进行的批改。在本次批改中，仙法学小组不仅指出了师弟/师妹案例分析中所存在的问题，还补充了额外的内容，部分地方还给出了优化示例，相信各位同学一定会有所收获的。尤其在学习方法这一块，仙法学小组总结了基本权利的案例分析方法，并提示各位同学某些案例可能会涉及基本权利的竞合，需要多加注意。各位同学一定要认真学习。#知行法学##考研##人大法学考研##中国人民大学考研##中国人民大学##25考研##法学考研##知行法学问答展示#,0,0,2
163,5083207270138018,1885143391,大花庄莹宝儿,https://weibo.com/1885143391,09月27日 13:21,iPhone客户端,🏁墨墨背单词打卡Day59💻累计学习单词：1329个📅今日学习单词：10个🕙今日记忆次数：17次🌟今日重点单词：bias[名]偏见；偏袒；偏爱|[动]使有偏见#返校季##考研#​,,0,1,0
164,5083203201666521,6090262567,一只废仙女123,https://weibo.com/6090262567,09月27日 13:05,HUAWEI Mate 40 Pro,在职研究生需要参加入学考试吗？#考研#​,,0,0,0
165,5083202326627136,6493226860,一只余啦啦啦,https://weibo.com/6493226860,09月27日 13:02,墨墨背单词,🏁墨墨背单词打卡Day80💻累计学习单词：2583个📅今日学习单词：230个🕙今日记忆次数：689次🌟今日重点单词：tormentn.痛苦；折磨；令人痛苦的东西#考研##考研英语#​,,0,0,0
166,5083201942586681,6504217001,超绝学习版本,https://weibo.com/6504217001,09月27日 13:00,OPPO Reno6 Pro 5G,2024/09/26打卡81天431微观总结➕数三线代880➕政治。下午去另一个校区干活，累鼠晚安🌙@老生研路@金融专硕K哥_老生研路@金融专硕K哥的马克笔#2025考研##考研##金融专硕##431金融专硕#​​​,,0,0,0
167,5083201305316236,7010380738,用户7010380738,https://weibo.com/7010380738,09月27日 12:58,墨墨背单词,🏁墨墨背单词打卡Day427💻累计学习单词：3419个📅今日学习单词：363个🕙今日记忆次数：1115次🌟今日重点单词：provisionn.供应；预备；储粮；规定；条款#考研##英语#​,,0,1,0
168,5083200889816871,5949892853,奶油小生宋小宝ABC,https://weibo.com/5949892853,09月27日 12:56,墨墨背单词,💢conspire💢“坑死白牙”：因为“协力促成”“密谋”所以卡卡西他爹被坑死了。#考研##返校季#​,,0,1,0
169,5083197602532091,5944173925,QMM佛爷小公举,https://weibo.com/5944173925,09月27日 12:43,iPhone客户端,💢inquiry💢“应快回”别人的询问。#考研##考研英语#​,,0,0,0
170,5083195372733205,5855656086,七毅-,https://weibo.com/5855656086,09月27日 12:34,墨墨背单词,💢subscribe💢是不是块布，你是不是在一块布上签署了同意捐助的！#考研##背单词##返校季##考研英语#​,,0,1,0
171,5083194525226283,7505479446,Seft1023,https://weibo.com/7505479446,09月27日 12:31,iPhone客户端,🏁墨墨背单词打卡Day90💻累计学习单词：2339个📅今日学习单词：220个🕙今日记忆次数：606次🌟今日重点单词：grip[动]紧握；掌握；吸引|[名]紧握；掌握；控制；把手#学习打卡##英语##背单词##考研#​,,0,1,0
172,5083193483200578,7390573301,山东尚衍坤,https://weibo.com/7390573301,09月27日 12:27,nova12系列出色蓝不住,一年制硕士汇总，#一年制硕士##教育学##考研#包含但不局限于这些院校欢迎咨询定制属于自己的方案​常规申请做不到的，可以联系我们​尚老师18763333332（微信同号）​,,0,0,0
173,5083193218436923,2317082521,就爱听岔曲_曲奇,https://weibo.com/2317082521,09月27日 12:26,iPhone客户端,9月底了，数学分册刚做到提高篇第5章，高分指南还没刷，有救吗#管综##考研#​,,0,2,0
174,5083188584513875,6475944317,兔耳朵小丸子,https://weibo.com/6475944317,09月27日 12:07,OPPO Reno7 5G,傻子能学习吗？！#英语学习##考研#​,,0,1,0
175,5083187059359781,7517507960,-半岛铁盒的钥匙-,https://weibo.com/7517507960,09月27日 12:01,iPhone客户端,首战即决战，一战定乾坤！#考研#​,,0,0,0
176,5083186847555026,6041830305,笑翻天的综艺,https://weibo.com/6041830305,09月27日 12:00,微博视频号,学不下去了，来看看你的脱口秀吧。刚打开，却发现心情沉重……我的毕业季竟然成了吕严的失业季。学了环工，我才发现自己才是中国第一吐槽役。#喜剧之王单口季##翟佳宁脱口秀##脱口秀##考研##环境工程##考研#笑翻天的综艺的微博视频​,,0,1,0
177,5083186651204285,2151526723,考研直航郑老师,https://weibo.com/2151526723,09月27日 12:00,微博视频号,#考研##考研政治##2025考研#2025考研政治第一轮模考讲评来啦南京考研直航郑老师的微博视频​,,0,0,1
178,5083186275290777,5732788718,考研的萌萌酱,https://weibo.com/5732788718,09月27日 11:58,考研英语超话,25石雷鹏《作文30个功能句》笔记#2025考研##考研##考研英语#​,,1,2,1
179,5083186037785308,5852431322,宇宙无敌霹雳啪啦精,https://weibo.com/5852431322,09月27日 11:57,iPhone客户端,💢monument💢moment时刻为纪念某个“牛逼的”时刻mo（某）nu（牛）ment纪念碑。#考研##学习打卡#​,,0,0,0
180,5083184978989657,6222190174,一生挚爱世霖大王,https://weibo.com/6222190174,09月27日 11:53,墨墨背单词,🏁墨墨背单词打卡Day370💻累计学习单词：3603个📅今日学习单词：201个🕙今日记忆次数：462次🌟今日重点单词：acuteadj.敏锐的；灵敏的；急性的；严重的；成锐角的#考研##考研打卡##学习打卡#​,,0,0,1
181,5083184884618791,6428951096,不是是头头,https://weibo.com/6428951096,09月27日 11:53,iPhone客户端,💢dish💢＂得洗＂吃完了＂菜肴＂要洗＂盘子＂#考研##考研英语#​,,0,1,0
182,5083183817167873,5657290522,姚老师讲考研,https://weibo.com/5657290522,09月27日 11:48,iPhone客户端,考研招生简章需要注意哪些内容#考研#考研择校#考研规划姚老师讲考研的微博视频​,,0,0,0
183,5083183066387459,5031573409,考研文案馆,https://weibo.com/5031573409,09月27日 11:45,2025考研超话,计算机考研408高校#考研#2025考研超话#考研计算机408#​,,0,0,0
184,5083126220985482,2390180961,教英语的张建,https://weibo.com/2390180961,09月27日 11:40,2025考研超话,【基础狂飙系列10】🎊内容：考研英语新题型&翻译真题词汇系列📕打卡方式：专平赞此微博📖适用人群：2025年考研学生，2026考研学生⌛时长建议：10-15min✍学习建议：听视频讲解，记录背诵词汇#考研##25考研##决战考研##考研英语张建#教英语的张建的微博视频​,,3,5,21
185,5083181298224730,6184297774,小鸡炖蘑菇啊啊啊h,https://weibo.com/6184297774,09月27日 11:38,三星Galaxy S22,#考研#倒计时84天xf45页争取今天背到75页政治100道题既然完不成计划那我就不订计划既然怕被别人看见就默默努力远离浮躁小号的意义就在于无所遁形。。。​,,0,1,2
186,5083180938039279,3551096224,-ReachForAStar,https://weibo.com/3551096224,09月27日 11:37,墨墨背单词,💢quench💢捆起，把他捆起来，才能压制住他。#考研##考研英语#​,,0,1,0
187,5083179466362780,2010021631,一位不愿透露姓名的地理学者,https://weibo.com/2010021631,09月27日 11:31,iPhone 14 Pro Max(暗紫色),25考研政治肖1000题浓缩背诵版#考研##考研政治#cr:我是小兔子​,,0,0,4
188,5083179273160480,7677534599,用户7677534599,https://weibo.com/7677534599,09月27日 11:30,墨墨背单词,💢contemplation💢看他们不累神注视沉思#考研##背单词#​,,0,1,0
189,5083178756736633,6374754331,每天开心开心开心呀,https://weibo.com/6374754331,09月27日 11:28,iPhone客户端,💢heritage💢“海瑞地址”，好遗产啊#考研#​,,0,0,0
190,5083178020639095,6474401344,吃皮萄不吐萄葡葡萄,https://weibo.com/6474401344,09月27日 11:25,HUAWEI Mate 60 Pro,考研人终于见到徐涛老师了！！涛哥见面会！本人太像土豆🥔了，越看越像！考研政治徐涛超话#考研##华南理工大学##考研政治徐涛[话题]#还握手签名了！太激动啦！广州·广州大学(大学城校区)​,,0,1,0
191,5083177333031665,7713106957,菠萝咕咾菠菜,https://weibo.com/7713106957,09月27日 11:23,iPhone客户端,什么85天想考研上岸jxnu？#考研#​,,0,1,0
192,5083176424178304,5589077356,岁岁爱喝冰奶茶,https://weibo.com/5589077356,09月27日 11:19,iPhone客户端,考研，痛苦的挣扎着#考研#听到认识的同学保研心里说不出的羡慕，真好啊，自己还在这里挣扎着学习，不知道未来在哪里，挣扎着，想学习，却又因为各种必要的事情被打断，家里人说着保研的好，批评我平时不努力，不如别人，自己的压力，家里的压力，对未来的迷茫，每天都是浑浑噩噩，有动力又没有，所以​展开,考研，痛苦的挣扎着#考研#听到认识的同学保研心里说不出的羡慕，真好啊，自己还在这里挣扎着学习，不知道未来在哪里，挣扎着，想学习，却又因为各种必要的事情被打断，家里人说着保研的好，批评我平时不努力，不如别人，自己的压力，家里的压力，对未来的迷茫，每天都是浑浑噩噩，有动力又没有，所以呢，还能怎么办，写完这些话，坐下来接着背单词，我的未来究竟在哪里,0,2,0
193,5083175330515801,7397187992,考研动态君,https://weibo.com/7397187992,09月27日 11:15,微博 weibo.com,#考研#太爽了！这些大学国庆连放8-9天！#国庆假期##考研咨询周#太爽了！这些大学国庆连放8-9天！​,,0,0,3
194,5083174095031130,5251161247,茶茶iris,https://weibo.com/5251161247,09月27日 11:10,iPhone客户端,为什么为什么阅读错错错这么多真不写了反正也对不了附上昨天晚上大馋丫头吃的烤冷面和臭豆腐#考研#​,,0,0,1
195,5083173735893572,3955946555,黄金土匪头子,https://weibo.com/3955946555,09月27日 11:08,墨墨背单词,💢courtesy💢courtesy“客套sy-say”客套地说话是恭谦，礼貌的#考研##背单词#​,,0,1,0
196,5083173493411051,7751864305,晚晚的学习日记,https://weibo.com/7751864305,09月27日 11:07,研究生超话,和我一起#在阅读中背单词#考研阅读英二2015text2✅和我一起复盘15年阅读第2篇吧🔺文章原文+段落翻译，红色标注的是短语固定搭配~🔺大家翻译的时候要灵活，比如有些形容词，它的“的”可以不翻译，这样会通顺一些🔺每天一篇阅读，词汇量轻松上8000#考研##决战考研#​,,1,0,4
197,5083171550663279,5398662565,国内升学朱老师,https://weibo.com/5398662565,09月27日 11:00,HUAWEI Mate 60,海文考研对全国985、211院校会计专硕招录数据汇总！﻿想考会计专硕？又不想去太次的学校？快来！海文考研为大家整理汇总了会计专硕全国985、211院校的研招数据（包含招生人数、学习方式、录取人数、初复试占比、学制、学费），26考研的同学赶紧收藏起来做参考吖~﻿有择校择专需求的同学，欢迎​展开,海文考研对全国985、211院校会计专硕招录数据汇总！﻿想考会计专硕？又不想去太次的学校？快来！海文考研为大家整理汇总了会计专硕全国985、211院校的研招数据（包含招生人数、学习方式、录取人数、初复试占比、学制、学费），26考研的同学赶紧收藏起来做参考吖~﻿有择校择专需求的同学，欢迎滴滴哦~/一对一择校择专指导，下方call我﻿#考研#25考研#会计专业#考研资讯#院校分析#海文考研,0,1,0
198,5083171471491495,7710819240,小宋要考研6,https://weibo.com/7710819240,09月27日 10:59,OnePlus 9R,海文考研告诉你艺术生怎么判断自己要不要考研？﻿可能很多艺术宝子在大三，甚至大一大二就在纠结到底要不要考研？看完这篇海文考研的笔记，正在就业要不要考研的艺术生宝子有点思路没呢，你觉得要不要考研应该考虑什么？欢迎一起来交流讨论~﻿有择校择专需求的同学，欢迎滴滴哦~/一对一择校择专​展开,海文考研告诉你艺术生怎么判断自己要不要考研？﻿可能很多艺术宝子在大三，甚至大一大二就在纠结到底要不要考研？看完这篇海文考研的笔记，正在就业要不要考研的艺术生宝子有点思路没呢，你觉得要不要考研应该考虑什么？欢迎一起来交流讨论~﻿有择校择专需求的同学，欢迎滴滴哦~/一对一择校择专指导，下方call我﻿#考研#26考研#艺术生#考研资讯#海文考研﻿成都·西南交通大学犀浦校区,0,1,0
199,5083171406220590,6028090764,小呆呆online,https://weibo.com/6028090764,09月27日 10:59,iPhone客户端,💢indignant💢因地割让了，能不让人愤怒吗#考研##学习打卡#​,,0,0,0
200,5083166547643878,6316761991,用户6316761991,https://weibo.com/6316761991,09月27日 10:40,墨墨背单词,💢scarce💢“死钙死”，死于缺钙而死，缺乏的，不足的，稀有的#考研##考研英语#​,,0,1,0
201,5083166032004326,7660503015,咪西莫西mixi,https://weibo.com/7660503015,09月27日 10:38,iPhone客户端,我不会学着学着把脑子学坏了吧#考研##数学#​,,0,2,0
202,5083164593097213,6543943216,新传考研秃头研究所,https://weibo.com/6543943216,09月27日 10:32,新传考研超话,🟡传播学知识名词打卡【赛博格（Cyborg）】赛博格概念的提出是人类对科技与身体结合的想象和探索，是对“人”与“机器”边界的重新定义与反思。它既是一种实际存在的技术现象，也是一种深刻的社会文化概念，广泛应用于社会学、人类学、哲学和文化研究等学科领域。🟡“赛博格”的提出/定义🟡​展开,🟡传播学知识名词打卡【赛博格（Cyborg）】赛博格概念的提出是人类对科技与身体结合的想象和探索，是对“人”与“机器”边界的重新定义与反思。它既是一种实际存在的技术现象，也是一种深刻的社会文化概念，广泛应用于社会学、人类学、哲学和文化研究等学科领域。🟡“赛博格”的提出/定义🟡“赛博格”的案例/意义新传考研超话#秃头研究所新传考研##秃头研究所名词解释#考研超话#每日学习打卡##新传考研##考研##传播##新闻与传播#,0,0,3
203,5083164487451893,6014283470,温瞳warm_,https://weibo.com/6014283470,09月27日 10:31,墨墨背单词,💢require💢喂！快啊！我要求你快。#考研##学习打卡#​,,0,1,0
204,5083163834193379,7483854793,GoqnNan,https://weibo.com/7483854793,09月27日 10:29,荣耀70 5G,呼叫考研人#考研#​,,0,2,0
205,5083163405583010,2075544173,董仲蠡-小董老师,https://weibo.com/2075544173,09月27日 10:27,微博网页版,速存❗考研英语二真题高频词汇总！近几年的真题高频词汇很重要，今年出现的概率很大！👇戳评论区直接领取⬇️⬇️#考研##决战考研##考研英语#​,,1,2,3
206,5083162559124336,7755069059,起啥名字都不影响我学习,https://weibo.com/7755069059,09月27日 10:24,微博网页版,毕业抢着要！小米认可的5所双非院校！在就业市场上，985/211院校毕业的同学相对来说更受大厂的青睐。像小米、华为这样的知名企业，校招基本去的都是高水平大学。那么，更多来自双非的毕业生是否也能有这样的机会呢？其实，是有的！本期就来说说小米青睐的5所双非院校，以及相关专业的最新考研情况​展开,毕业抢着要！小米认可的5所双非院校！在就业市场上，985/211院校毕业的同学相对来说更受大厂的青睐。像小米、华为这样的知名企业，校招基本去的都是高水平大学。那么，更多来自双非的毕业生是否也能有这样的机会呢？其实，是有的！本期就来说说小米青睐的5所双非院校，以及相关专业的最新考研情况，想要去大厂就业的小伙伴千万不要错过哦！有择校择专需求的同学，欢迎滴滴哦~/一对一择校择专指导，下方call我#考研#26考研#双非院校#择校择专#院校分析,0,0,0
207,5083162353600249,5699688509,就是李某某a,https://weibo.com/5699688509,09月27日 10:23,微博视频号,少量余位，冲刺学习的同学快来#考研##公考#晋中·大学城生活广场就是李某某a的微博视频​,,0,1,1
208,5083161413288699,6960554391,考研糖吖,https://weibo.com/6960554391,09月27日 10:19,微博网页版,#25考研‬##考研##考研真题#考研超话25考研法硕（法学+非法学）历年真题（2010-2024）​,,0,2,1
209,5083161094261682,6473041400,猪猪侠哎呀呀,https://weibo.com/6473041400,09月27日 10:18,墨墨背单词,💢capacity💢可ca怕pa的城市city（capacity），“容量”大，“能力”强，“身份”尊贵，“地位”高，有“资格”说话。#考研##背单词#​,,0,1,0
210,5083160847058759,6620591158,小杨不付山野,https://weibo.com/6620591158,09月27日 10:17,墨墨背单词,💢government💢割我们的，政府剥削人民#返校季##背单词##学习打卡##考研#​,,0,0,0
211,5083160247537177,7806527289,学姐说考研-,https://weibo.com/7806527289,09月27日 10:15,华为手机,海文考研总结26教育考研专业超全解，小白必看！26考研er，对于考研你了解多少？学硕专硕有什么区别，院校该怎么选？311和333有什么区别，该如何准备？教育考研就业前景如何？......海文考研替你总结26教育考研专业的注意事项，26想考教育学，如果还是小白，大致可以先了解下以下几个重要方面：​展开,海文考研总结26教育考研专业超全解，小白必看！26考研er，对于考研你了解多少？学硕专硕有什么区别，院校该怎么选？311和333有什么区别，该如何准备？教育考研就业前景如何？......海文考研替你总结26教育考研专业的注意事项，26想考教育学，如果还是小白，大致可以先了解下以下几个重要方面：有择校择专需求的同学，欢迎滴滴哦~/一对一择校择专指导，下方call我#考研#26考研 #择校择专#考研院校#海文考研,0,0,0
212,5083159519825100,7837810807,小君来自地球,https://weibo.com/7837810807,09月27日 10:12,iPhone客户端,我真的服了………一早上的心情全无………学校自习室座位不够，现在又是考研热的时代，真不知道学校会不会想，你要么就多加自习室，要么你就图书馆给我们固定考研座位，真的服了。不知道怎么想的，难道我们每天都要背着那一大坨书在宿舍和空教室穿梭吗？我真的无语了……………昨晚学到闭馆才走的，今​展开,我真的服了………一早上的心情全无………学校自习室座位不够，现在又是考研热的时代，真不知道学校会不会想，你要么就多加自习室，要么你就图书馆给我们固定考研座位，真的服了。不知道怎么想的，难道我们每天都要背着那一大坨书在宿舍和空教室穿梭吗？我真的无语了……………昨晚学到闭馆才走的，今天早上九点半来图书馆，结果一看书全没了…………我是真的醉了哈，难道我们要在图书馆过夜守着书吗？想必你们也没提供这个条件吧？早上找我的书就找了半个小时，时间花费不说，心情全没有了，本来考研压力就大，还给整这死出…………昨天收书的阿姨……叫我把书放整齐，只要一放整齐，直接被收……服了，一整个无语状态，气死我了……#考研##高校图书馆设800个考研座位#,0,0,0
213,5082627139175998,6858194286,考研Neko酱,https://weibo.com/6858194286,09月27日 10:09,考研超话,考研超话完形天花板背完直接选答案！​​​#考研#​,,20,0,30
214,5083157992837272,6115167535,浮沉一梦111,https://weibo.com/6115167535,09月27日 10:06,法硕超话,法硕超话2024北方工业大学法学调剂及一志愿拟录取#考研调剂##考研择校##考研##法硕##法学考研#​,,0,0,0
215,5083157669875372,6520150506,月亮的米,https://weibo.com/6520150506,09月27日 10:04,墨墨背单词,🏁墨墨背单词打卡Day155💻累计学习单词：957个📅今日学习单词：163个🕙今日记忆次数：515次🌟今日重点单词：persuasive[形]有说服力的；令人信服的#考研#​,,0,0,0
216,5083157534346631,6493327571,小居酱料,https://weibo.com/6493327571,09月27日 10:04,iPhone客户端,💢relate💢瑞，勒他，让他把事实叙述出来#24考研##考研#​,,0,0,0
217,5083157414019576,7480822700,刘奶奶找牛奶奶买牛奶xjbg,https://weibo.com/7480822700,09月27日 10:03,iPhone客户端,💢hoist💢“好意思的”，把手举那么高。#考研##背单词##学习打卡##考研英语##考研英语二#​,,0,0,0
218,5083154274583011,5915310086,所念皆所愿--,https://weibo.com/5915310086,09月27日 09:51,微博网页版,考研每天八九点醒正常吗#考研#​,,0,0,0
219,5083154084006293,5951134773,我叫张小屁_,https://weibo.com/5951134773,09月27日 09:50,华为手机,放一首BGM我们这一路走来真的不容易～～～#考研#[锦鲤附体]​,,0,6,0
220,5083152526348912,5342306305,楠苑小生,https://weibo.com/5342306305,09月27日 09:44,Redmi K30 Pro 真旗舰,山中医电子信息专硕，出专业课真题，考研咨询#山东中医药大学##考研##25考研#​,,0,1,0
221,5083152028534868,5420880915,容大西政考研,https://weibo.com/5420880915,09月27日 09:42,iPhone客户端,直播日期：9月27日直播时间：9月27日  18:00——19:00直播主题：模拟试卷（二）讲解:808专C‍‍‍‍‍‍‍‍‍‍‍‍‍‍‍‍‍‍‍‍‍‍‍‍‍‍‍‍‍‍‍直播讲师：杉杉师姐#西南政法大学##历年真题##考研##西政学硕考研#​,,0,0,0
222,5083149220447057,1653483527,研招网,https://weibo.com/1653483527,09月27日 09:31,微博网页版,勇敢向前，成为更好的自己。2025#考研倒计时#学习打卡啦！预计距离考试还有85天！#考研##在职研究生##2025考研#​​​,,0,1,3
223,5083146616573068,7741482655,吉田生物bio,https://weibo.com/7741482655,09月27日 09:20,微博网页版,《动物实验性矽肺模型实验》动物实验性矽肺模型是研究矽肺病及其相关机制的重要工具。这种模型可以帮助科学家深入了解矽肺病的发病机制、病理变化及潜在的治疗策略。矽肺病是由长期吸入含硅矿物质的粉尘引起的慢性肺部疾病，主要影响矿工和建筑工人。为了研究这一疾病，建立有效的动物模型至关重要​展开,《动物实验性矽肺模型实验》动物实验性矽肺模型是研究矽肺病及其相关机制的重要工具。这种模型可以帮助科学家深入了解矽肺病的发病机制、病理变化及潜在的治疗策略。矽肺病是由长期吸入含硅矿物质的粉尘引起的慢性肺部疾病，主要影响矿工和建筑工人。为了研究这一疾病，建立有效的动物模型至关重要。目前，常用的小鼠和大鼠是研究矽肺病的主要实验动物。构建动物实验性矽肺模型的过程通常包括以下几个步骤。首先，选择健康的成年小鼠或大鼠，确保它们在实验前处于良好的健康状态。然后，使用硅尘或其悬浮液进行气道暴露，以模拟环境中硅尘的吸入。一般而言，暴露的浓度和时间应根据研究目标进行合理设计，通常分为急性和慢性两种暴露模式。在暴露后的一段时间内，研究人员需要对动物进行观察和评估。主要的评估指标包括体重变化、呼吸道症状及生理参数等。通过监测动物的健康状况，可以评估模型的成功程度。实验后，进行组织学和生化指标的检测是至关重要的。通过取出动物的肺组织进行病理学检查，可以观察到肺泡的炎症反应、纤维化及硅粒在肺组织中的沉积情况。此外，生化检测可评估肺组织中氧化应激和炎症因子的水平，这些指标对于理解矽肺病的病理机制非常重要。在研究过程中，科研人员还可以借助该模型测试新药物的疗效。通过对照实验，可以评估潜在的治疗方法如何改善肺功能或减少肺部损伤。总之，动物实验性矽肺模型为研究矽肺病提供了重要的平台，通过合理的实验设计和严谨的操作流程，研究者能够更深入地探讨该疾病的病理机制及治疗策略。随着科学技术的进步，未来的研究将更好地推动我们对矽肺病的认识和治疗方法的发展。生物超话科技超话#实验##考研##科研#科学##科普[超话]##知识[超话]##动物[超话]#,0,0,0
224,5083145365620246,7728013065,你让我起个啥名字呢,https://weibo.com/7728013065,09月27日 09:15,墨墨背单词,💢confirm💢抗风，要【确认】建筑能抗风并得到【证实】，才【批准】建造#考研##英语#​,,0,0,0
225,5083142818103659,5688183853,取名废材7-7,https://weibo.com/5688183853,09月27日 09:05,墨墨背单词,🏁墨墨背单词打卡Day122💻累计学习单词：6705个📅今日学习单词：278个🕙今日记忆次数：486次🌟今日重点单词：publicityn.宣传；公开；曝光度#英语##考研#​,,0,0,0
226,5083140880339954,5626420045,chopIZ,https://weibo.com/5626420045,09月27日 08:58,墨墨背单词,💢transform💢“全是佛”：人经过“转化”都是佛。#考研英语##考研##背单词#​,,0,1,0
227,5083139638559853,5485555198,Phil__Collins,https://weibo.com/5485555198,09月27日 08:53,iPhone客户端,🏁墨墨背单词打卡Day161💻累计学习单词：3068个📅今日学习单词：60个🕙今日记忆次数：112次🌟今日重点单词：constituent[名]成分；要素；选区内的选民|[形]组成的；构成的#返校季##考研#​,,0,0,0
228,5082817216118915,2075544173,董仲蠡-小董老师,https://weibo.com/2075544173,09月27日 08:47,微博网页版,背个单词怎么那么费劲？你得有技巧啊！今天整理了【考研核心5000词】，按照词根词缀进行记忆戳评论区⬇️⬇️直接拿走～#考研##决战考研##考研英语#​,,4,1,12
229,5083137732248640,7744949321,春写了封信给我,https://weibo.com/7744949321,09月27日 08:45,Android,🏁墨墨背单词打卡Day71💻累计学习单词：3380个📅今日学习单词：20个🕙今日记忆次数：31次🌟今日重点单词：incentiven.刺激；诱因；动机#考研##考研复试#​,,0,0,0
230,5083137603013907,1624221671,考研英语晟哥,https://weibo.com/1624221671,09月27日 08:45,iPhone 14 Pro,你复习的怎么样了？#考研#希望大家看到这个问题的时候，不要回避，认真思考一番。很多同学对这个问题的第一反应是“我还有很多内容没复习”“我要复习不完了”。这样难免会焦虑。所以我们不妨先从另外一个角度去想“已经复习和掌握了哪些内容”。​,,0,1,0
231,5083136591923109,7415046427,梧桐清鳶,https://weibo.com/7415046427,09月27日 08:41,墨墨背单词,💢splendid💢撕不烂滴的！说明极好的#考研英语##考研##背单词##英语##考研打卡#​,,0,0,0
232,5083134872519222,7891669665,考不上研究生-就去研究生,https://weibo.com/7891669665,09月27日 08:34,墨墨背单词,💢fatal💢飞头，连头都飞了出来，简直是致命的灾难。#考研#​,,0,0,0
233,5082733661651221,1233628161,周思成,https://weibo.com/1233628161,09月27日 08:31,微博视频号,秋季晨读归来，冲击高分必备！七折入：秋季晨读，冲击高分（七折全球近视儿童翻三倍但是不同国家情况也许和你想的不同#四六级##考研#周思成的微博视频​,,33,229,70
234,5083133779118304,7869819351,暴躁的萝卜鲨手,https://weibo.com/7869819351,09月27日 08:29,墨墨背单词,🏁墨墨背单词打卡Day103💻累计学习单词：5505个📅今日学习单词：300个🕙今日记忆次数：381次🌟今日重点单词：glow[动]发光；发热；脸红|[名]红光；炽热；脸红；喜悦#考研##学习打卡#​,,0,1,1
235,5083133450651857,5656654752,cris_hhh,https://weibo.com/5656654752,09月27日 08:28,iPhone,🏁墨墨背单词打卡Day221💻累计学习单词：7994个📅今日学习单词：239个🕙今日记忆次数：536次🌟今日重点单词：streak[名]条纹；条痕；性情|[动]在…上留下条纹（或条痕）#考研##学习打卡##英语#​,,0,0,0
236,5082809156764978,7228962045,考研斯基,https://weibo.com/7228962045,09月27日 08:27,,💥学习犯困怎么办？来点解困小tips🍋风油精解困大家在感到困意的时候，可以把风油精或者是清凉油涂在手腕或者是太阳穴处，这样做可以很好的刺激大脑神经，从而达到提神醒脑的目的。此时涂完后对着风吹一吹效果会更好哦！🍋茶叶/咖啡解困大家可以在困的时候泡杯茶/咖啡，但是没必​展开,💥学习犯困怎么办？来点解困小tips🍋风油精解困大家在感到困意的时候，可以把风油精或者是清凉油涂在手腕或者是太阳穴处，这样做可以很好的刺激大脑神经，从而达到提神醒脑的目的。此时涂完后对着风吹一吹效果会更好哦！🍋茶叶/咖啡解困大家可以在困的时候泡杯茶/咖啡，但是没必要泡得很浓，我们只需达到提神醒脑的目的即可，同时下午4点以后就不推荐大家喝了哦，以免晚上睡不着。另外就是要注意控制摄入的量不要过多，学习固然重要，但身体更重要。🍋糖果解困一些考生可能没有喝茶/喝咖啡的习惯，学长这里建议大家还可以通过糖果解困。比如说薄荷糖。薄荷糖本身属于清清凉凉的一种糖果，通过把糖果含在嘴里，也可以起到提神醒脑，消除困意的目的。🍋喝水解困当我们身体缺乏水分时，也容易产生疲劳感和困意，这时我们可以起身去打杯水，通过大口喝水来补充身体中的水分，以此消除困意。🍋走动解困对于考研er来说，犯困的一大原因就是长时间久坐，加上大脑一直高负荷运转，从而给身心带来巨大的疲劳感。如果此时我们适当地站起身出去走动走动，呼吸下新鲜空气，看看窗外的风景，我们的身心可能就可以得到放松，疲劳感和困意也可以得到缓解。🍋音乐解困大家在感到困意的时候还可以通过听一些音乐来刺激大脑，从而消除困意。比如说黄征的《奔跑》，beyond的《海阔天空》，逃跑计划的《夜空中最亮的星》等。注意不要选过于舒缓的音乐。💟你还有什么其他解困小方法，欢迎评论区补充~#考研##25考研##决战考研#,1,0,12
237,5083133117990585,7868406611,啵一杯,https://weibo.com/7868406611,09月27日 08:27,乐词,"#考研#/,ɪntɚ'fɪr/v.介入Donotletwhatyoucannotdointerferewithwhatyoucando.别让你做不到的事，影响到你做得到的事。​",,0,1,0
238,5083133094138777,7533253320,走挺,https://weibo.com/7533253320,09月27日 08:27,iPhone客户端,🏁墨墨背单词打卡Day205💻累计学习单词：6716个📅今日学习单词：100个🕙今日记忆次数：291次🌟今日重点单词：establish[动]建立；确立；制订；使被安排好；使认定；使承认#考研#​,,0,0,0
239,5083132057096432,3814301620,小wang不吃香菜-,https://weibo.com/3814301620,09月27日 08:23,nova7你在焦点在,md烦死，一直背书的地方被人抢了，真恶心，而且这人一直知道我在这背书#考研#​,,0,1,0
240,5083131233439827,5544995268,容大法律硕士考研,https://weibo.com/5544995268,09月27日 08:19,法硕超话,法硕模考免费参加！只要来就免费#考研#法硕超话#法硕##法律硕士##考研倒计时#​,,0,0,0
241,5083131202505930,6738387074,印殇洛辰,https://weibo.com/6738387074,09月27日 08:19,墨墨背单词,💢permeate💢“扑灭它”，弥漫，渗透入森林的大火，要被扑灭#考研##大学生#​,,0,1,0
242,5083131042073821,7397187992,考研动态君,https://weibo.com/7397187992,09月27日 08:19,微博 weibo.com,#考研#开启抢人大战？毕业4.5折购房！#研究生人数超本科卷学历还有出路吗##考研咨询周#​​​开启抢人大战？毕业4.5折购房！​,,0,0,0
243,5083130872464089,5454118316,记得吃早饭_考研版,https://weibo.com/5454118316,09月27日 08:18,墨墨背单词,💢grip💢“鬼来扑”并抓紧你。grip抓住吸引grasp抓住领悟#考研##学习打卡#​,,0,0,0
244,5083128387865441,7686775971,我要成为优秀的大美女,https://weibo.com/7686775971,09月27日 08:08,iPhone客户端,🏁墨墨背单词打卡Day81💻累计学习单词：5960个📅今日学习单词：10个🕙今日记忆次数：21次🌟今日重点单词：mock[动]嘲笑；嘲弄；（模仿）取笑|[形]仿制的；模拟的；虚假的|[名]模拟考试；嘲弄；模仿#考研英语##考研#​,,0,1,0
245,5083127195634233,7187501960,谢漂亮o,https://weibo.com/7187501960,09月27日 08:03,iPhone客户端,许愿后面八十几天少下点雨顶一头湿发到了还要站着晾晾湿屁股#考研#​,,0,1,0
246,5083125229291673,7287261951,陈救驾来迟i,https://weibo.com/7287261951,09月27日 07:55,HUAWEI P30 Pro,天塌了泥马考研自命题的不让带计算器让我心算ln小数吗e的几次幂让我徒手开出来呗考研你别太疯癫#考研##物化#​,,0,1,3
247,5083124755859580,7822716316,词间锦月,https://weibo.com/7822716316,09月27日 07:54,考研超话,考研超话#考研季#有偿找寻844机械工程的专业课资料#考研##决战考研#​,,0,11,1
248,5083122230100941,6667560290,邻居-小王,https://weibo.com/6667560290,09月27日 07:44,荣耀30 Pro 5G,早上提神醒脑的早饭[奋笔疾书][奋笔疾书][奋笔疾书]#早上嚎##考研##考研政治##考研英语#长治·长治医学院​,,0,6,2
249,5083121477486181,5974141742,麦之香学长,https://weibo.com/5974141742,09月27日 07:41,华东交通大学超话,华东交通大学超话华东交通大学考研录取分数线分析，招生计划，考试大纲，想要了解的同学，文件自取哈～#考研##25考研‬##华东交通大学##考研资料##华东交通大学北区#​,,0,1,1
250,5083119995323361,6035473023,Magic_1_,https://weibo.com/6035473023,09月27日 07:35,墨墨背单词,💢descendant💢“第三代”：子女的子女是第三代，是我的“后代”。#考研英语##考研#​,,0,1,0
251,5083119696480749,7726961222,小刘的情绪日记本,https://weibo.com/7726961222,09月27日 07:33,墨墨背单词,🏁墨墨背单词打卡Day9💻累计学习单词：402个📅今日学习单词：104个🕙今日记忆次数：216次🌟今日重点单词：crudeadj.未加工的；粗鲁的；简陋的#考研##自律#​,,0,1,0
252,5083119296448365,5785375340,_徐度原野_,https://weibo.com/5785375340,09月27日 07:32,iPhone客户端,"💢cord💢""拷打""，用绳子拷打犯人#考研##学习打卡#​",,0,0,0
253,5083119225143902,5122425294,2Youth_,https://weibo.com/5122425294,09月27日 07:32,iPhone客户端,💢goabout💢“够饿”到“饱了”一定是开始干了#学习打卡##返校季##英语##考研##背单词#​,,0,1,0
254,5083114965567830,7809382620,光头强的熊_94154,https://weibo.com/7809382620,09月27日 07:15,墨墨背单词,💢plentiful💢plant植物(plent)满full充满了植物，有【充足的】食物#考研##考研英语#​,,0,0,0
255,5083114055402486,7575236803,一个一看就很幽默的网名,https://weibo.com/7575236803,09月27日 07:11,Android,💢expression💢一个字不行一个字的措辞不行，不足以表达#考研##学习#​,,0,0,0
256,5083111247315844,7499315148,考研数学冰冰老师,https://weibo.com/7499315148,09月27日 07:00,考研数学杨超超话,距离2025考研还剩85天！努力刚开始很简单，但是坚持很难！请你坚持下去并全力以赴！大家在碎片时间里可以动手花几分钟做做看哦～冰姐陪你小练各位加油！#考研倒计时##决战考研##冰冰带你学##2025考研##我在微博考研##学习打卡##考研##冰冰带你学#​​​#一起做个题#​​​展开,距离2025考研还剩85天！努力刚开始很简单，但是坚持很难！请你坚持下去并全力以赴！大家在碎片时间里可以动手花几分钟做做看哦～冰姐陪你小练各位加油！#考研倒计时##决战考研##冰冰带你学##2025考研##我在微博考研##学习打卡##考研##冰冰带你学#​​​#一起做个题#​​​考研数学杨超超话,0,6,11
257,5082941365421027,7360696884,鸟山学长,https://weibo.com/7360696884,09月27日 06:28,微博网页版,#25考研##考研#提醒一下备考时间很长的同学，别懈怠，别骄傲，按部就班，沉心静气！这个阶段和下个阶段是放弃的高峰期，大家坚持住稳住，很多人倒在了光明到来的前一夜，我希望看我视频的不会有这样的人！！！要对自己前面的付出负责呀，我的一个本科朋友和班里几个同学就是在考前的一个月突然觉得没​展开,#25考研##考研#提醒一下备考时间很长的同学，别懈怠，别骄傲，按部就班，沉心静气！这个阶段和下个阶段是放弃的高峰期，大家坚持住稳住，很多人倒在了光明到来的前一夜，我希望看我视频的不会有这样的人！！！要对自己前面的付出负责呀，我的一个本科朋友和班里几个同学就是在考前的一个月突然觉得没有可能成功，就自暴自弃，天天窝在宿舍刷剧，打游戏，然后二战了，他们告诉我无业人员的感觉挺难受的！按照我之前得到的消息，好像二战的结果也不是特别乐观。,13,20,200
258,5083086751007299,3141132341,翻译与翻译研究,https://weibo.com/3141132341,09月27日 05:23,高级翻译学院超话,高级翻译学院超话晨课毕。#TEMCATTIMTI##英专四、八级#，#考证#，#考研##原版细读：听书看书品书#2024年09月23日开始新学年第1本。#听力365#Day1482，第212周​​​,,0,0,0
259,5083057302274333,6623289203,四維蘸酱,https://weibo.com/6623289203,09月27日 03:26,iPhone客户端,💢proverb💢破微博一直给我推荐《谚语，格言》#考研#​,,0,0,0
260,5083034158891951,3192301485,好男老师考研加油站,https://weibo.com/3192301485,09月27日 01:54,iPhone客户端,考研读研的性价比正在逐渐降低，考研读研不是唯一的人生选择，但考研读研也是一条值得去走的路，可能是无用的，也可能很有价值，因人而异。现在考研的人也越来越多，研究生扩招也越来越多，很多大学的研究生都已经超过本科生的数量了。可以看到，考研读研带来的价值回报已肉眼可见的速度在下降，想​展开,考研读研的性价比正在逐渐降低，考研读研不是唯一的人生选择，但考研读研也是一条值得去走的路，可能是无用的，也可能很有价值，因人而异。现在考研的人也越来越多，研究生扩招也越来越多，很多大学的研究生都已经超过本科生的数量了。可以看到，考研读研带来的价值回报已肉眼可见的速度在下降，想依靠考研读研来提高就业竞争力、找到更好的工作、获得更好的工资，没有以前那么效果明显了。考研可以让自己达到更高的门槛，有更多选择的机会，但作用有限。需要降低靠考研和读研带来的收益期待，并不是考研读研了，就一定会让自己的人生发生巨大的变化、彻底逆天改命，不会因为考研读研了自己就能找个比本科毕业时工资高几倍的工作，不会因为考研读研了自己在某个专业领域就能变成一个很厉害很牛的人，就一定能能给某个领域、给社会产生很大的价值，因为也只是学了皮毛，毕业后干了和研究生专业毫不相关的工作。单纯就就业而言，就业难易和收入高低等，不仅和学历有关，更和市场环境、经济、运气、个人综合能力等有关。如今，硕士研究生的就业可能比本科生更尴尬，考研、读研，辛苦熬了两三年硕士毕业之后，相比于本科毕业时，投入在读书上学上的金钱精力和时间成本更高了，年纪更大了，自己和家里的就业预期和要求更高了，可能会更高的起点和更多的选择。但研究生毕业后，就业也可能并不那么轻松，能找到的工作机会和收入待遇，可能并没比本科毕业时好很多，甚至还不如本科毕业时能找到的好，研究生学历带来的薪资也没比本科生高太多。因为现在研究生并不像以前那么稀缺了，已经很多研究生了，高端就业市场的人才需求也比较饱和了，而且，决定人生发展、薪资和就业情况的，一方面靠个人努力，也和环境、专业需求等有很大关系，往往天赋、家境、环境、大势和运气等影响更大。考研、读研，辛苦熬了两三年硕士毕业之后，相比于本科毕业时，投入在读书上学上的金钱精力和时间成本更高了，年纪更大了，自己和家里的就业预期和要求更高了，然而能找到的工作可能并没比本科毕业时好很多，甚至可能还不如本科毕业时能找到的好，毕业得好不如毕业得早。在未来，研究生会越来越多，而研究生文凭对求职就业的帮助，可能会越来越小，可以去考研读研，会有很大的益处，但不要对读研所能带来的就业提升有太高的预期，预期越高，失望越大。绝大多数工作，都是要不了研究生文凭就可以做的，读完本科其实就足够用了，只是因为现在大学生太多、优质岗位少，僧多粥少、水涨船高，为了筛人才将招聘文凭门槛要求一步步提高。绝大多数考上研究生的人，也真的不适合做学术，也不是真的就很热爱做研究，只是为了获得一个研究生文凭而已。而读了研之后，受教育的时间金钱等成本肯定更高了，就业期望也变高了，但就业并不会一定更容易，工资不一定更高，符合就业预期的岗位机会不一定会更多。如果大家都蜂拥去考研，其实并不能解决问题，几年之后研究生出来还是一样的就.业不会很简单，研究生很多了，但岗位不一定和研究生的增长速度一样快，大家都读研、都是研究生，等于研究生没有啥优势。所以考研一定要慎重决策，不要盲目从众。除非家里不差钱、可以给解决就业兜底、或者自己竞争力很强不愁找工作，否则考研脱产全身心投入考一次、最多两次，就差不多了，后续若还是很想考，那都是边工作边考会更妥当，千万不要不工作不上班脱产去考很多年，这是很危险的，基本会毁了自己的职业生涯。人生道路千万条，考研只是其中的一条，但考研读研不是人生唯一的道路，也不一定是最好的道路。然而，你觉得我是想说不要考研吗？考研读研这件事，可能是有用的，也可能是无用的，对每个人而言都不同。而如果你只是很想去读，你也觉得你考得上，也认为考上了会给自己的人生带来更多精彩。而你没去考、没去读，那你永远不知道这件事对你到底是不是有价值的，可能会成为你一生难以释怀的执念与遗憾。有选项才有选择，真正考上了、去读了，才会知道是不是真的适合自己，否则都是空想。人这种动物就是很奇怪，好像无论做什么选择，而选择了这条路，可能会后悔，但不选择这条路，你可能会更后悔，尽量不给自己留遗憾。考研读研这件事，功利层面是提高了学历，达到了更高的竞争门槛，有了更宽的选择面，但这只是表面的，这几年的过程其实比结果更重要，经历和体验比学到的书本知识更重要。投入这个过程，享受这个过程，在这个过程中成长与体验，在这几年时间里认识一些优秀的的朋友，收获一些丰富多彩的体验和经历，反复思考和打磨自己的内心，思考自己的人生，在出新手村前积累经验、增长才干，远比最后目标拿到的那个本本有意义。如果有机会有条件、也有热爱的领域，也不是被生活所迫很着急着去工作挣钱，家里有经济条件支持，考研读研的期待也不是一定想要比本科毕业有飞跃式的提升（知识、就业、能力、薪资收入、平台等），也能吃考研读研的苦，想清楚了，决定了，那就去考去读吧。人生短短几十年，别给自己留遗憾。已经考上了的同学，不要轻易退学，沉没成本太高了，在读研期间，一要做到顺利毕业，好好提升就业技能、专业能力、提升核心竞争力。已经考虑好了、决定了今年考的小伙伴，那请你要静下心来，制定明确、可行的行动计划，摒弃杂念、屏蔽外界的声音，不去管它有多少人竞争、不去管它有多难……尽量不让任何外界环境干扰你的心态、计划和状态，接纳并适应变化，全力以赴地专注在这件事上，高度自律、持之以恒、节奏规律地去做，按照自己的计划和节奏不断前进，尽人事而后听天命。切忌三心二意、蜻蜓点水、左右摇摆、半途而废，这样会让自己焦虑痛苦、浪费时间精力还达不成目标，无论是考研还是做其他事，皆是如此。#研究生人数超本科卷学历还有出路吗#国庆节超话#2025考研#加拿大·UniversityofSaskatchewan,1,0,1
261,5083033160384671,3192301485,好男老师考研加油站,https://weibo.com/3192301485,09月27日 01:50,iPhone客户端,Prosperityisagreatteacher;adversityisevengreater.顺境是一位伟大的老师，逆境更是。#2025考研预报名##2025考研##2025考研初试时间公布#加拿大·UniversityofSaskatchewan​,,0,0,1
262,5083029200699923,2621833605,yooooooooohacc,https://weibo.com/2621833605,09月27日 01:34,iPhone客户端,🏁墨墨背单词打卡Day38💻累计学习单词：1000个📅今日学习单词：237个🕙今日记忆次数：646次🌟今日重点单词：upgrade[动]提升；提高；改进|[名]向上的斜坡；增加；改进#考研##学习打卡#​,,0,0,0
263,5083026795004648,6529323356,BOBOFAN111,https://weibo.com/6529323356,09月27日 01:24,iPhone客户端,💢fond💢音似1：疯的，喜欢的疯了音似2:found，终于找到（found）了喜欢的（fond）fond宠爱的；fund基金；bond公债befondof喜欢#考研##学习打卡##返校季#​,,0,1,0
264,5083026102944534,6466818135,肚子橙橙,https://weibo.com/6466818135,09月27日 01:22,墨墨背单词,💢unrecognized💢安瑞克割奶.子的，这件事是【未被承认，为被认出的】#考研##英语#​,,0,0,0
265,5083026065195200,7767931519,东方華子是小福,https://weibo.com/7767931519,09月27日 01:21,墨墨背单词,💢formation💢for没形，要“形成”、“队形”。#考研##学习打卡#​,,0,0,0
266,5083023643248203,1677473244,bltcn,https://weibo.com/1677473244,09月27日 01:12,iPhone客户端,💢benignly💢be（是）nigh（奶奶）当然亲切，恶婆婆除外。#考研##考研英语##学习打卡#​,,0,1,0
267,5083021474530136,7529508452,幼稚园绿洲,https://weibo.com/7529508452,09月27日 01:03,墨墨背单词,💢timidity💢TMD(timidity)你怎么这么胆小…#考研##学习日常#​,,0,1,0
268,5083019675699596,6373076617,upward6373076617,https://weibo.com/6373076617,09月27日 00:56,OPPO Reno6 5G,2024.9.26打卡79天2.数学：1000题线代结束，概率论第一讲上货金：考点梳理英语：阅读单词150复盘3.总结：暂无@老生研路@金融专硕K哥_老生研路@金融专硕K哥的小教鞭#2025考研##考研##金融专硕##431金融专硕##老生研路学习打卡#考研超话金融专硕超话金融专硕考研大本营超话​​​,,0,1,0
269,5083019279074199,7699364524,Kitty_kitty04,https://weibo.com/7699364524,09月27日 00:54,墨墨背单词,💢super💢“苏婆”——是个超级好人！#学习打卡##考研#​,,0,1,0
270,5083017485224490,7650055138,bi_zonne,https://weibo.com/7650055138,09月27日 00:47,iPhone客户端,💢distinctly💢抵死听课特累，这是（无疑地），但（明显地）也只有这样才能把课听（清楚的）。#考研复试##考研##英语#​,,0,1,0
271,5083017293333168,7880067758,啊啊睡觉睡不醒啊_,https://weibo.com/7880067758,09月27日 00:47,iPhone 16 Pro Max,写给自己的日记。今天离考研还有84天，也是我被研究生困住的第449天。我真的好不甘心，当初的没考上。真好疼恨自己浪费时间，真的好累。每天背不完的专业课，背了就忘了。还有英语，我真的好累啊。但是我就是不甘心，我一定要考上。证明自己。我特别想证明给人看，我也很好的。加油，我一定行。​展开,写给自己的日记。今天离考研还有84天，也是我被研究生困住的第449天。我真的好不甘心，当初的没考上。真好疼恨自己浪费时间，真的好累。每天背不完的专业课，背了就忘了。还有英语，我真的好累啊。但是我就是不甘心，我一定要考上。证明自己。我特别想证明给人看，我也很好的。加油，我一定行。#考研#,0,0,0
272,5083016506376498,2786432172,造梦以尝,https://weibo.com/2786432172,09月27日 00:43,墨墨背单词,💢generator💢“站那运它”：不用动就能运输，当然是要靠“发电机”啦！#考研##学习打卡##英语单词#​,,0,1,0
273,5083014666914117,6333941585,禅心云镜,https://weibo.com/6333941585,09月27日 00:36,墨墨背单词,💢defame💢defame谐音“诋毁”#考研##英语#​,,0,0,0
274,5083013932909953,6633726724,马峰的烟嘴,https://weibo.com/6633726724,09月27日 00:33,墨墨背单词,💢putdownto#考研##背单词#​,,0,1,0
275,5083013335745190,7652435415,王也哈哈哈,https://weibo.com/7652435415,09月27日 00:31,墨墨背单词,🏁墨墨背单词打卡Day382💻累计学习单词：4905个📅今日学习单词：200个🕙今日记忆次数：766次🌟今日重点单词：contendv.声称；主张；竞争；争辩#考研#​,,0,1,0
276,5083012496622063,7279204372,十点半睡觉自律总裁,https://weibo.com/7279204372,09月27日 00:28,iPhone客户端,🏁墨墨背单词打卡Day52💻累计学习单词：771个📅今日学习单词：123个🕙今日记忆次数：288次🌟今日重点单词：proficient[形]熟练的；精通的|[名]专家；能手；老手#考研##考研英语#​,,0,1,0
277,5083010114519184,6323563159,老赵家虫子,https://weibo.com/6323563159,09月27日 00:18,墨墨背单词,💢strength💢有实力当着老师面撕卷子！#考研##自律##学习##考研英语#​,,0,1,0
278,5083009917124857,7451863037,人卫九版小书迷,https://weibo.com/7451863037,09月27日 00:17,iPhone客户端,🏁墨墨背单词打卡Day168💻累计学习单词：4333个📅今日学习单词：10个🕙今日记忆次数：20次🌟今日重点单词：susceptibility[名]感受性；易感性#考研##返校季#​,,0,0,0
279,5083009621688731,5843562890,bbh牌巧克力派,https://weibo.com/5843562890,09月27日 00:16,iPhone客户端,💢inaugurate💢一闹great，一闹就伟大了，肯定是开创、就职高位了#考研##考研英语#​,,0,0,0
280,5083007960747078,5452555341,JCRonaldo,https://weibo.com/5452555341,09月27日 00:09,iPhone客户端,💢incur💢incur“引客”：穿着暴露，站在大街上引客容易“招致”警察并“遭受”检查#考研##英语单词#​,,0,1,0
281,5083007667407051,6023618708,aha带你去放羊,https://weibo.com/6023618708,09月27日 00:08,墨墨背单词,🏁墨墨背单词打卡Day127💻累计学习单词：1385个📅今日学习单词：100个🕙今日记忆次数：243次🌟今日重点单词：commonplace[形]普通的；平庸的|[名]平凡的事#考研##英语#​,,0,1,0
282,5083007172742696,6070820326,yatooimw,https://weibo.com/6070820326,09月27日 00:06,iPhone客户端,🏁墨墨背单词打卡Day33💻累计学习单词：614个📅今日学习单词：104个🕙今日记忆次数：250次🌟今日重点单词：liberal[形]开明的；自由主义的；慷慨的|[名]自由主义者；自由党党员#考研##返校季#​,,0,1,0
283,5083006395748797,5887749259,無人区水底,https://weibo.com/5887749259,09月27日 00:03,iPhone客户端,🏁墨墨背单词打卡Day2💻累计学习单词：154个📅今日学习单词：100个🕙今日记忆次数：405次🌟今日重点单词：contagious[形]传染性的；有感染力的#考研##英语#​,,0,1,0
284,5083006014329232,7302761952,tem_pest_,https://weibo.com/7302761952,09月27日 00:02,HUAWEI P50 Pro,1.日期：（2024/09/26）打卡（69）天2.具体学习内容数学：复盘高数所学知识，整理笔记看强化网课，做强化习题专业课：整理个人所得税知识点背国际税收英语：复习单词200个做真题小三门政治：看徐涛强化课3.反思/总结加油！@老生研路@税专433小白学姐​展开,1.日期：（2024/09/26）打卡（69）天2.具体学习内容数学：复盘高数所学知识，整理笔记看强化网课，做强化习题专业课：整理个人所得税知识点背国际税收英语：复习单词200个做真题小三门政治：看徐涛强化课3.反思/总结加油！@老生研路@税专433小白学姐@小白马的粉笔头儿#2025考研##考研##税务专硕##433税务专硕##老生研路学习打卡#考研超话税务专硕超话税务专硕考研大本营超话,0,0,0
285,5083006008299605,7100918063,布丁BubbleJoy,https://weibo.com/7100918063,09月27日 00:02,iPhone客户端,日期：2024/9/26打卡第64天具体学习内容：背诵专业课做税法练习题做数学题背2个单元的单词做英语阅读完形新题型翻译做逻辑练习题听写作课做政治马原题目@老生研路@税专433小白学姐@小白马的粉笔头儿#2025考研##考研##税务专硕##老生研路学习打卡#​,,0,1,0
286,5083005712075958,5216655507,爱吃芒果哈密瓜iii,https://weibo.com/5216655507,09月27日 00:01,墨墨背单词,🏁墨墨背单词打卡Day279💻累计学习单词：7437个📅今日学习单词：201个🕙今日记忆次数：388次🌟今日重点单词：unpretentiousadj.谦逊的；不夸耀的；不矫饰的#考研#​,,0,1,0
287,5083005247294330,6124896478,早起犯困的鸟-晚睡焦虑的猫头鹰,https://weibo.com/6124896478,09月26日 23:59,iPhone客户端,#考研#一人考研全家支持是什么体验婆婆妈为了支持我，从暑假开始，就没有让我带过一岁多的快快；还要帮我解决生活方面的问题老公为了支持我，一方面，从下班就带快快吃喝玩乐；另一方面，为了能让我仅有的五个小时睡眠能高质量一点，晚上单独带宝宝睡另外一个卧室。宝宝为了“支持我”，由开始的黏​展开,#考研#一人考研全家支持是什么体验婆婆妈为了支持我，从暑假开始，就没有让我带过一岁多的快快；还要帮我解决生活方面的问题老公为了支持我，一方面，从下班就带快快吃喝玩乐；另一方面，为了能让我仅有的五个小时睡眠能高质量一点，晚上单独带宝宝睡另外一个卧室。宝宝为了“支持我”，由开始的黏着妈妈到不需要妈妈了，有时候蛮愧疚的，每天除了早上和晚上吃饭时间和宝宝互动，陪伴的时间几乎没有,0,1,0
288,5083005077163144,6489024623,考研的锦鲤,https://weibo.com/6489024623,09月26日 23:58,考研超话,考研超话25教育学考研丹丹#教育学考研##考研##25考研#​,,0,2,1
289,5083004870066953,7502970131,瑶台一只狐,https://weibo.com/7502970131,09月26日 23:57,iPhone客户端,💢furious💢非要瑞儿死。#考研#​,,0,0,0
290,5083004861419129,6493644516,热干面多把榨菜,https://weibo.com/6493644516,09月26日 23:57,iPhone 15 Pro,#考研#​,,0,1,0
291,5083004696793192,6979293266,--平仄--,https://weibo.com/6979293266,09月26日 23:57,iQOO Neo6 强悍操控,2024.9.26（打卡第七十五天）这模考比上次简单好多@老生研路@金融专硕K哥_老生研路@金融专硕K哥的马克笔#2025考研##考研##金融专硕##431金融专硕#​​​,,0,1,1
292,5083004337130140,7832443104,柠鸽昼,https://weibo.com/7832443104,09月26日 23:55,墨墨背单词,💢vessel💢外嗖在外面就馊了所以要在【器皿】里#考研##英语单词#​,,0,1,0
293,5083003876018579,6420286476,楠竹筱雅,https://weibo.com/6420286476,09月26日 23:53,墨墨背单词,💢peculiar💢“皮球脸”，这种脸型是“特殊的，罕见的”。#考研##考研上岸##学习打卡#​,,0,1,0
294,5083003571149053,6605761876,巧克力蛋高1104,https://weibo.com/6605761876,09月26日 23:52,墨墨背单词,💢radical💢ready～扣！准备扣住他，【激进】一点就能【彻底】抓住他#考研##考研英语#​,,0,0,0
295,5083003326041394,6759954649,暴打柠檬顶呱呱,https://weibo.com/6759954649,09月26日 23:51,荣耀V30 PRO 5G,[奋笔疾书][奋笔疾书]9月26号学习打卡✌︎'֊'✌︎'֊'英语：2014年-3；每日一句长难句；英语单词和核心词组回顾复习；复习小作文；总结错题逻辑：19年真题+修改+总结；数学：14年真题+修改+总结+应用题错题本；写作：积累素材。专业课：复习回顾知识。@老生研路@MPAcc会计专硕桃子学姐​展开,[奋笔疾书][奋笔疾书]9月26号学习打卡✌︎'֊'✌︎'֊'英语：2014年-3；每日一句长难句；英语单词和核心词组回顾复习；复习小作文；总结错题逻辑：19年真题+修改+总结；数学：14年真题+修改+总结+应用题错题本；写作：积累素材。专业课：复习回顾知识。@老生研路@MPAcc会计专硕桃子学姐#2025考研##考研##会计专硕#考研超话审计专硕超话MPAcc会计专硕考研大本营超话mpacc超话199管综MPAcc超话199管理类联考超话,0,0,1
296,5083003296940724,7385935278,玥嘟嘟3,https://weibo.com/7385935278,09月26日 23:51,iPhone客户端,在职打工人，考研倒数第85天今天工作很忙，各种开会，但是不要焦虑早上在公交车上睡了一觉太困啦1、高数定积分应用部分强化看完一个小时网课2、高数2014年大题的解答3、完成一个小三门的新题型，并理解解析它4、信号与系统的公示默写#考研##学习日常##今日打卡#​,,0,1,1
297,5083003283574757,6130502073,-卿卿酱,https://weibo.com/6130502073,09月26日 23:51,iPhone客户端,💢composite💢这种合成的复合的东西是“抗破碎的”#考研#​,,0,1,0
298,5083003239795368,5669568705,923Evelyn,https://weibo.com/5669568705,09月26日 23:51,iPhone客户端,2024.9.26打卡77天专业课：税原背诵任务➕测试题一套英语：词组60单词200➕10年二刷数学：优题库概率部分逻辑：近年分类练习—综合推理作文：论说语料政治：1000题@老生研路@税专433小白学姐@小白马的粉笔头儿#2025考研##考研##税务专硕##433税务专硕##老生研路学习打卡#​,,0,0,0
299,5083003233240637,7880067758,啊啊睡觉睡不醒啊_,https://weibo.com/7880067758,09月26日 23:51,iPhone 16 Pro Max,好累啊。真的好累#考研#，看不到希望。​,,0,1,0
300,5083002797297664,7035443577,怪我咯liu,https://weibo.com/7035443577,09月26日 23:49,墨墨背单词,💢integral💢integral因踢个肉因为踢了个肉导致午餐不是（完整的），会扣（积分的）。#学习打卡##考研#​,,0,1,0
301,5083002669630353,6035758195,HSY观音万,https://weibo.com/6035758195,09月26日 23:48,iPhone客户端,💢disruption💢弟是rap神，每次家里都‘混乱’#考研#​,,0,1,0
302,5083001503351254,7626386174,初辞ms,https://weibo.com/7626386174,09月26日 23:44,荣耀100 Pro 写真相机,今天是2024年9月26号，距离25考研还有86天今日完成:1.英语单词复习500+，长难句复习2.政治看课+刷肖10003.英语大作文复习4.法制史一轮背诵5.宪法一轮背诵明日任务:1.英语单词复习500+，长难句练习2.英语真题阅读二刷2.一轮专业课背诵+真题二刷3.专业课APP练题​​4.政治看课+肖1000题5.​展开,今天是2024年9月26号，距离25考研还有86天今日完成:1.英语单词复习500+，长难句复习2.政治看课+刷肖10003.英语大作文复习4.法制史一轮背诵5.宪法一轮背诵明日任务:1.英语单词复习500+，长难句练习2.英语真题阅读二刷2.一轮专业课背诵+真题二刷3.专业课APP练题​​4.政治看课+肖1000题5.作文复习#考研#考研超话#考研#,0,0,0
303,5083000434066296,5853877989,绿色的蔬菜有叶子那种,https://weibo.com/5853877989,09月26日 23:40,微博轻享版,日期：2024/9/26，打卡DAY73，倒计时86时长：≈5.3今日内容：1.数学：强化：向量组2.非税法的税X：无3.税法：消费税4.英语：无5.政治：无6.逻辑：无明日计划：1.税法：刷题，复习⭐2.背税原&国际税⭐3.高数强化⭐抓紧4.逻辑：刷题5.英语：阅读6.政治：事情处理完了，明天开始继续​展开,日期：2024/9/26，打卡DAY73，倒计时86时长：≈5.3今日内容：1.数学：强化：向量组2.非税法的税X：无3.税法：消费税4.英语：无5.政治：无6.逻辑：无明日计划：1.税法：刷题，复习⭐2.背税原&国际税⭐3.高数强化⭐抓紧4.逻辑：刷题5.英语：阅读6.政治：事情处理完了，明天开始继续回归正常学习@老生研路@税专433小白学姐@小白马的粉笔头儿#2025考研##考研##税务专硕#税务专硕超话税务专硕考研大本营超话,0,0,0
304,5083000373774343,7191642486,你好呀小巫女,https://weibo.com/7191642486,09月26日 23:39,墨墨背单词,💢conducive💢能救人--＞有益的candosave#考研英语##考研#​,,0,1,0
305,5082999672013077,5774355326,GReRN__,https://weibo.com/5774355326,09月26日 23:37,墨墨背单词,💢habitual💢''喝杯酒''——习惯每天喝杯酒。#考研##考研英语#​,,0,0,0
306,5082999547496587,6087945093,complex-7,https://weibo.com/6087945093,09月26日 23:36,墨墨背单词,💢tray💢betray背叛，背“盘”tray。#英语单词##考研#​,,0,1,0
307,5082998863039937,6465434897,睡醒就是吃-,https://weibo.com/6465434897,09月26日 23:33,iPhone客户端,"💢array💢""ar-ray""啊！雷！---""一大批排列整齐的军队踩到地雷""#英语##考研##学习打卡##考研英语#​",,0,1,0
308,5082998825292163,7370251183,用户7370251183,https://weibo.com/7370251183,09月26日 23:33,iPhone客户端,中山347网课+答疑有意私聊#中山##347##心理##考研#​,,0,1,0
309,5082998645457778,7266393572,yldwzyjgswwhjdwjhhhbf,https://weibo.com/7266393572,09月26日 23:32,iPhone客户端,💢fantastic💢“饭档次提高”：极好的；奇异的；奇妙的#考研##背单词#​,,0,0,0
310,5082998536669402,6167925990,荃荃荃荃wwww,https://weibo.com/6167925990,09月26日 23:32,墨墨背单词,🏁墨墨背单词打卡Day38💻累计学习单词：870个📅今日学习单词：100个🕙今日记忆次数：286次🌟今日重点单词：faculty[名]才能；能力；全体教员；院系#考研##背单词#​,,0,1,0
311,5082998459859877,6913699375,一研学长,https://weibo.com/6913699375,09月26日 23:32,考研政治超话,还有86天考研，不要慌，当下考研政治复习重点关注以下方面！👍现在到11月我们只需要：刷题+选择题知识点就足够了！！！✅参考书方面：前期跟着涛涛强化的同学，10月继续用徐涛背诵笔记先背诵选择题知识点，然后11月用徐涛6套卷模拟，检查自己的复习情况，12月开始背诵徐涛20题，那个时候在背分析​展开,还有86天考研，不要慌，当下考研政治复习重点关注以下方面！👍现在到11月我们只需要：刷题+选择题知识点就足够了！！！✅参考书方面：前期跟着涛涛强化的同学，10月继续用徐涛背诵笔记先背诵选择题知识点，然后11月用徐涛6套卷模拟，检查自己的复习情况，12月开始背诵徐涛20题，那个时候在背分析题就行。咱们时间多的姐妹，不要局限于一本习题，一个模拟卷，像1000题，优题库都可以做，包括后边肖四，徐涛6套卷，都要做！#考研##2025考研##决战考研#,0,0,5
312,5082997883666514,7118579736,记得把你的外套留在深巷,https://weibo.com/7118579736,09月26日 23:29,HUAWEI P40 5G,2024/9/26打卡第66天1.单词200个2.完型一节课3.高数：第四章+八百题4.税法：企税大题5.税原：第十二章6.政治：社科总结：发现了专业课忽略的知识点@小白马的粉笔头儿#2025考研##考研##税务专硕##433税务专硕#​​​,,0,0,0
313,5082997465813223,7265886233,我就是背书小天才,https://weibo.com/7265886233,09月26日 23:28,徐影老师超话,今天上了最后一节学校的手作课，但是包还没有缝完🪡，还得继续，不知道还得多久。凯程打卡Day1⃣️5⃣️今天背了苏格拉底，亚里士多德，柏拉图，有点少，需要继续努力💪⛽️，少走神是成功的关键，坚持不走神，加油！！徐影老师超话@教育学徐影#考研##教育综合##333教育学综合#​展开,今天上了最后一节学校的手作课，但是包还没有缝完🪡，还得继续，不知道还得多久。凯程打卡Day1⃣️5⃣️今天背了苏格拉底，亚里士多德，柏拉图，有点少，需要继续努力💪⛽️，少走神是成功的关键，坚持不走神，加油！！徐影老师超话@教育学徐影#考研##教育综合##333教育学综合##333教育学考研##凯程#,0,0,2
314,5082797909740981,1094241662,考研,https://weibo.com/1094241662,09月26日 23:28,考研超话,"【研友投稿】本科行政管理跨考法硕，现在感觉是考不上了，今年没计划没规划，想问问大家要不要二战报机构，家里也不是特别富裕，问了一个机构大概2w,还是自己直接找工作#考研##25考研#​",,0,9,13
315,5082997386906633,7485215286,认真可爱的赫姐姐,https://weibo.com/7485215286,09月26日 23:27,考研超话,2025年研究生网报延迟，根据教育部的要求扩招专业硕士的同时，还要保障硕士的授课质量，学校压力巨大，因此研招网的网报时间竟然史无前例的推迟，学校原有专业课考试教材，需要上报到教育部审核之后才能公布，导致很多高校迟迟无法发布最新考试指导用书以及大纲，如此严峻的情况下，也同时释放出了大量​展开,2025年研究生网报延迟，根据教育部的要求扩招专业硕士的同时，还要保障硕士的授课质量，学校压力巨大，因此研招网的网报时间竟然史无前例的推迟，学校原有专业课考试教材，需要上报到教育部审核之后才能公布，导致很多高校迟迟无法发布最新考试指导用书以及大纲，如此严峻的情况下，也同时释放出了大量利好消息，就是专业硕士名额增加，高校自主权没有被收回，非全日制以及全日制农业管理硕士，依然学校自主出题，从这个教育部以及高校的政策导向来看，研究生将会迎来有史以来最大规模的报名人数，各位同学不要再犹豫了#统招非全日制硕士研究生##中国自主培养研究生包含统招非全日制研究生##考研##考研#考研超话#统招全日制双证研究生#考研#济南,0,0,2
316,5082996682527984,5589664794,大西瓜ab-,https://weibo.com/5589664794,09月26日 23:25,iPhone客户端,💢impetus💢“一命拼到死”，冲力#考研##自律#​,,0,0,0
317,5082996637959044,6056724301,洗涮涮235,https://weibo.com/6056724301,09月26日 23:24,iPhone客户端,💢paradigm💢怕了黛母，林黛玉的母亲是煽情的典范，大家都怕了她#考研#​,,0,1,0
318,5082996476742684,7810301486,轩染不会司空震,https://weibo.com/7810301486,09月26日 23:24,墨墨背单词,🏁墨墨背单词打卡Day25💻累计学习单词：607个📅今日学习单词：43个🕙今日记忆次数：91次🌟今日重点单词：imposev.强加；征收；施加影响；利用；强制实施#考研##背单词#​,,0,1,0
319,5082996474643546,5868253819,紫陌垂柳,https://weibo.com/5868253819,09月26日 23:24,墨墨背单词,💢scandal💢“死看到”，他临死看到了他的“丑行”。#考研##学习打卡#​,,0,0,0
320,5082996384205940,5644735457,谣言言言,https://weibo.com/5644735457,09月26日 23:23,墨墨背单词,💢perseverance💢“拍摄为了认识”，狗仔“坚持不懈”的跟踪拍摄为了认识明星的绯闻对象。#英语##学习打卡##自律##考研##考研复试#​,,0,1,0
321,5082995835275930,5462264546,栗子壳壳msqiii,https://weibo.com/5462264546,09月26日 23:21,iPhone客户端,💢aural💢噢弱声音微弱我听不到#考研##考研英语#​,,0,1,0
322,5082995170213925,7394945511,阿sir21672,https://weibo.com/7394945511,09月26日 23:19,vivo X60Edge蔡司影像,#周洋鑫考研数学真题带刷#真题带刷第四天@考研数学周洋鑫#考研#郑州·河南工程学院龙湖校区西区​,,0,0,0
323,5082995165762040,6606842775,秃头的小毛,https://weibo.com/6606842775,09月26日 23:19,华为手机,打卡（2024/09/26）第72天英语一背诵基础词，复习基础词，必考词，扇贝单词复习200个英语真题数学部分高数优题库复习逻辑习题改正专业课公司金融题库货银背诵政治视频加习题对应习题反思：梳理公司理财计算坑点，背诵货银9.20-9.30优题库错题三刷四刷，背诵专业课知识点，复习计算坑点，​展开,打卡（2024/09/26）第72天英语一背诵基础词，复习基础词，必考词，扇贝单词复习200个英语真题数学部分高数优题库复习逻辑习题改正专业课公司金融题库货银背诵政治视频加习题对应习题反思：梳理公司理财计算坑点，背诵货银9.20-9.30优题库错题三刷四刷，背诵专业课知识点，复习计算坑点，写英语作文翻译以及逻辑写作。稳步推进！加油！100天创造奇迹！@老生研路@金融专硕K哥_老生研路@金融专硕K哥的小教鞭#2025考研##考研##金融专硕##431金融专硕##老生研路学习打卡#考研金融专硕贸大[超话]##金融专硕考研大本营[超话],0,1,0
324,5082995105202669,6504667387,I_can_do_it___,https://weibo.com/6504667387,09月26日 23:18,studyaccount超话,9.25📝5h55m9.26📝8h34m不是我们中文系汉皇到底惹谁了🧏🏻‍♀️知识就不能自己进我脑子里吗？好吗？好的。英语阅读我想呕吐我越写正确率越低😅给自己绕进去了属实😅图推老是忘记一笔画。。。又开始看巨人了🙃信仰危机我就ttk^_-studyaccount超话#考研##考公##日常plog#​展开,9.25📝5h55m9.26📝8h34m不是我们中文系汉皇到底惹谁了🧏🏻‍♀️知识就不能自己进我脑子里吗？好吗？好的。英语阅读我想呕吐我越写正确率越低😅给自己绕进去了属实😅图推老是忘记一笔画。。。又开始看巨人了🙃信仰危机我就ttk^_-studyaccount超话#考研##考公##日常plog#studywithme超话#日常##给你看看我的手帐吧#,0,0,2
325,5082994157554383,5147594003,邪恶大窝瓜,https://weibo.com/5147594003,09月26日 23:15,HarmonyOS设备,日期：（2024/09/25+26）打卡第61天数学概率论强化最后收尾英语两百个单词政治开始第三部分刷题肖一千逻辑一套一千题税经背诵lsyl资料税法企税回顾做题@老生研路@税专433小白学姐@小白马的粉笔头儿#2025考研##考研##税务专硕##433税务专硕##老生研路学习打卡#考研超话​展开,日期：（2024/09/25+26）打卡第61天数学概率论强化最后收尾英语两百个单词政治开始第三部分刷题肖一千逻辑一套一千题税经背诵lsyl资料税法企税回顾做题@老生研路@税专433小白学姐@小白马的粉笔头儿#2025考研##考研##税务专硕##433税务专硕##老生研路学习打卡#考研超话税务专硕超话税务专硕考研大本营超话,0,0,0
326,5082993469949999,6993710044,哆啦艾米桃呼啦啦,https://weibo.com/6993710044,09月26日 23:12,vivo X90,日期：2024年9月26日打卡第八十三天2.具体内容/英语记单词➕作文看课/优题库高数第三章➕高数复习/税法-企税复习/税收征管一轮背诵/政治新思想结束3.反思/总结今天白天效率还行后面困了累了。抓紧时间明天继续加油@老生研路@税专433小白学姐@小白马的粉笔头儿#2025考研##考研#​展开,日期：2024年9月26日打卡第八十三天2.具体内容/英语记单词➕作文看课/优题库高数第三章➕高数复习/税法-企税复习/税收征管一轮背诵/政治新思想结束3.反思/总结今天白天效率还行后面困了累了。抓紧时间明天继续加油@老生研路@税专433小白学姐@小白马的粉笔头儿#2025考研##考研##税务专硕##433税务专硕##老生研路学习打卡#税务专硕考研大本营超话,0,1,0
327,5082991288915269,5953264836,小欣酱吖,https://weibo.com/5953264836,09月26日 23:03,墨墨背单词,💢disturb💢“弟！是他不？”（打扰）你学习的那个人#考研##考研英语#​,,0,0,1
328,5082991246709409,5237675046,花谢-怜城,https://weibo.com/5237675046,09月26日 23:03,Android,💢prior💢婆婆【优先】考虑鹅，“婆爱鹅”#考研##24考研#​,,0,0,0
329,5082990793197064,7725164165,Eki的个人星球,https://weibo.com/7725164165,09月26日 23:01,OPPO Reno6 5G,今天就学到这本以为可以完成所有任务但回到寝室还是不想学了哈哈哈最后还是留下来一个任务#考研##日语mti#​,,0,0,6
330,5082990366166429,6426668987,考研一次上岸-发财版,https://weibo.com/6426668987,09月26日 23:00,墨墨背单词,💢fleet💢‘浮力的’舰队在疾飞#考研##墨墨背单词#​,,0,0,0
331,5082990258684706,6489024623,考研的锦鲤,https://weibo.com/6489024623,09月26日 22:59,考研超话,考研超话25考研政治徐涛曲艺#考研##考研政治##25考研#​,,0,4,5
332,5082989797048882,5995698594,只只在知吱吱,https://weibo.com/5995698594,09月26日 22:57,vivo手机,请问这个趋于无穷的时候存在嘛？#考研##高数刀下鬼#​,,0,2,1
333,5082989465966421,7513399160,Diyty挽歌,https://weibo.com/7513399160,09月26日 22:56,nova7Pro你在焦点在,第三周day4已打卡Theblamerestslargelywithourovrr-emphasisontheeconomicgrowthwhileignoringthemoraleducation#考研##考研英语##考研英语作文##屠皓民##考研英语屠皓民#​,,0,0,0
334,5082988396153250,6573509055,啥时候都困困,https://weibo.com/6573509055,09月26日 22:52,墨墨背单词,💢ofnoaccount#考研##背单词#​,,0,1,0
335,5082988251187362,6574857893,用户6574857893,https://weibo.com/6574857893,09月26日 22:51,HUAWEI P60 Pro,#生活手记##考研#1、数学（1）线面积分的综合性非常大，900题里面的题把几乎所有情况都考虑到了，有几道题36讲上面也没有想做好线面积分，首先需要知道各种方法使用，就算有高斯和格林还是要掌握投影计算计算量特别大，这个题要是出真的就是计算量和补线补面技巧，需要总结（2）线代矩阵秩还是不​展开,#生活手记##考研#1、数学（1）线面积分的综合性非常大，900题里面的题把几乎所有情况都考虑到了，有几道题36讲上面也没有想做好线面积分，首先需要知道各种方法使用，就算有高斯和格林还是要掌握投影计算计算量特别大，这个题要是出真的就是计算量和补线补面技巧，需要总结（2）线代矩阵秩还是不熟练，B×行满秩矩阵A=B说明什么，这个通过B(A-E)=0说明一些性质2、408操作系统的用户独立性软件功能①向上层提供统一接口②设备安全③差错检查④设备分配与回收⑤缓冲区管理⑥逻辑设备名与物理设备名映射，一句话这一层主要负责统一的设备管理设备驱动这一层主要是对各种不同设备进行管理，启动IO和中断前置处理等与物理设备有关的操作（1）文件系统文件打开和读取，打开会调用open将FCB调入内存，返回文件描述符，再通过read或write读写文件软硬链接软链接类似快捷方式，硬链接直接指向同一个物理位置思考了很多，我感觉自己数学很多东西没有弄懂，特别是模拟考试期，总是会在难题上表现有急躁，导致思绪混乱，近期感觉到迷茫,0,0,1
336,5082986963540660,5624226074,用户5624226074Sicilia,https://weibo.com/5624226074,09月26日 22:46,墨墨背单词,🏁墨墨背单词打卡Day1631💻累计学习单词：13607个📅今日学习单词：70个🕙今日记忆次数：89次🌟今日重点单词：disadvantagen.不利；劣势；短处#考研##考研英语#​,,0,0,0
337,5082985751383087,5616251786,雯雯吃不胖灬,https://weibo.com/5616251786,09月26日 22:41,墨墨背单词,💢persecute💢婆媳cute：烦扰，迫害#考研##考研英语二#​,,0,0,0
338,5082985554254286,6904696845,矿大考研小助手,https://weibo.com/6904696845,09月26日 22:40,微博视频号,矿大择校整活#考研##矿大考研#矿大考研超话#南湖##中国矿业大学超话#中国矿业大学考研超话#中国矿业大学#中国矿业大学超话#2025考研#2025考研超话2024考研超话矿大考研小助手的微博视频​,,0,0,0
339,5082985395390456,6548601430,maeve00,https://weibo.com/6548601430,09月26日 22:40,墨墨背单词,🏁墨墨背单词打卡Day259💻累计学习单词：867个📅今日学习单词：60个🕙今日记忆次数：131次🌟今日重点单词：wisdomn.智慧；明智；学问#考研##学习打卡#​,,0,1,0
340,5082984667421393,7290875241,呵了-个-呵,https://weibo.com/7290875241,09月26日 22:37,墨墨背单词,🏁墨墨背单词打卡Day169💻累计学习单词：5152个📅今日学习单词：120个🕙今日记忆次数：123次🌟今日重点单词：consultancyn.顾问工作；顾问职位；咨询公司#背单词##考研#​,,0,1,1
341,5082983609142935,7317701978,退了tl,https://weibo.com/7317701978,09月26日 22:33,墨墨背单词,🏁墨墨背单词打卡Day145💻累计学习单词：8320个📅今日学习单词：1112个🕙今日记忆次数：4037次🌟今日重点单词：discretion[名]自行决定权；谨慎；慎重#考研##考研英语#＇​,,0,0,0
342,5082982262768520,6275123264,Bazhu本尊,https://weibo.com/6275123264,09月26日 22:27,墨墨背单词,💢loan💢“楼”：“贷款”买楼。#考研##自律#​,,0,0,0
343,5082981524047909,7779830195,枫糖狼獾,https://weibo.com/7779830195,09月26日 22:24,iPhone客户端,💢devoted💢低我头的，即投入#考研英语##学习打卡##英语##考研#​,,0,1,0
344,5082981401892794,7485596822,是Caitlin鸭,https://weibo.com/7485596822,09月26日 22:24,OPPO Reno12,老师我太想进步了#考研#​,,0,2,1
345,5082980722411239,5504042696,静静yok,https://weibo.com/5504042696,09月26日 22:21,iPhone客户端,拼搏百日我要上岸#考研#​,,0,3,0
346,5082980613624799,7644947815,狐狸森森丷,https://weibo.com/7644947815,09月26日 22:21,墨墨背单词,💢tackle💢“他扣”→被他扣下来了，就是阻截／处理。#考研##学习打卡#​,,0,1,1
347,5082980530524194,1777878005,湘水茫茫,https://weibo.com/1777878005,09月26日 22:20,墨墨背单词,🏁墨墨背单词打卡Day46💻累计学习单词：1153个📅今日学习单词：140个🕙今日记忆次数：326次🌟今日重点单词：sessionn.会议；会期；开庭；学年；一段时间#考研##英语#​,,0,0,0
348,5082980228271411,7580880019,瑞林沃,https://weibo.com/7580880019,09月26日 22:19,墨墨背单词,💢inspiration💢“吟诗不累神”：（灵感）一个接一个，不费神。#背单词##考研#​,,0,1,0
349,5082979554827039,3551096224,-ReachForAStar,https://weibo.com/3551096224,09月26日 22:17,墨墨背单词,"💢benefactor💢""帮你翻个头""的【捐助人】是你的【恩人】。#背单词##考研#​",,0,0,0
350,5082978730640153,5373290298,小岳快醒醒,https://weibo.com/5373290298,09月26日 22:13,iPhone客户端,今天看到最歹毒的文案智障能考研吗当然可以啦不然谁来当分母我真真真破防了考研政治徐涛超话#考研##打卡学习#​,,0,0,0
351,5082978487633905,7385222697,流浪小狗lucky,https://weibo.com/7385222697,09月26日 22:12,iPhone客户端,考研打卡第77天！#考研#倒计时86天！单词背的越来越快了，但要注意细节，熟词生义的，作文找时间背！阅读现在读起来没问题👍，可能还有一点细节，但就是方法使用还得再熟练一些政治做题选项看清，仔细把内容过一遍专业课名解一定要按自己的逻辑走一遍，论述先学习别人的完善，然后多背就写出来​展开,考研打卡第77天！#考研#倒计时86天！单词背的越来越快了，但要注意细节，熟词生义的，作文找时间背！阅读现在读起来没问题👍，可能还有一点细节，但就是方法使用还得再熟练一些政治做题选项看清，仔细把内容过一遍专业课名解一定要按自己的逻辑走一遍，论述先学习别人的完善，然后多背就写出来了！！,0,1,0
352,5082977163804907,6179518555,赚钱养瑞瑞瑞瑞,https://weibo.com/6179518555,09月26日 22:07,墨墨背单词,💢renaissance💢renaissance人爱三思。#考研##学习打卡#​,,0,1,1
353,5082977102463673,7420888100,帛彦76013,https://weibo.com/7420888100,09月26日 22:07,墨墨背单词,🏁墨墨背单词打卡Day82💻累计学习单词：1549个📅今日学习单词：30个🕙今日记忆次数：77次🌟今日重点单词：authorisev.授权；委托；批准#学习##考研##背单词#​,,0,1,0
354,5082973844537529,5313824475,尤里加加受,https://weibo.com/5313824475,09月26日 21:54,vivo S18,现在准备考研教育学还来得及吗？#考研##25考研##考研教育学#大连​,,0,2,0
355,5082973533374676,5460811336,不-要生气,https://weibo.com/5460811336,09月26日 21:53,墨墨背单词,🏁墨墨背单词打卡Day13💻累计学习单词：136个📅今日学习单词：57个🕙今日记忆次数：230次🌟今日重点单词：inaugurate[动]开创；为（某人）举行就职典礼；为…举行开幕仪式#考研复试##英语单词##返校季##考研#​,,0,1,0
356,5082973370062396,1790363087,惟无忌,https://weibo.com/1790363087,09月26日 21:52,墨墨背单词,"💢elementary💢""挨了一闷锤""，是【基本的】招数。#考研#​",,0,0,0
357,5082973032678455,7252539197,FErico_,https://weibo.com/7252539197,09月26日 21:51,iPhone客户端,💢boundfor💢绑的for，（驶往，开往）某个地方#考研##学习打卡#​,,0,1,0
358,5082626869955418,6858194286,考研Neko酱,https://weibo.com/6858194286,09月26日 21:48,考研超话,考研超话考研英语熟词僻义合集​​​#考研#​,,14,0,26
359,5082970828053553,5180264341,小于许的什么愿ya,https://weibo.com/5180264341,09月26日 21:42,nova7Pro你在焦点在,最近#考研#​,,0,1,1
360,5082970602079677,5318020044,我燥称冯福,https://weibo.com/5318020044,09月26日 21:41,墨墨背单词,💢outsize💢out=出去，size=尺寸这个东西是特大号的，所以出不去的#英语##背单词##考研#​,,0,0,0
361,5082969806996220,7553946404,然后会有好事发生,https://weibo.com/7553946404,09月26日 21:38,iPhone客户端,💢junior💢“就你呀”，太小啦。#自律##考研#​,,0,0,0
362,5082969509468357,7264000746,戥睢筠98557,https://weibo.com/7264000746,09月26日 21:37,高数超话,#周洋鑫考研数学真题带刷#@考研数学周洋鑫一笑而过考研数学周洋鑫超话#考研#高数超话day4，做下来有大问题的是92题，冲鸭​,,0,0,0
363,5082968657756913,2609784071,WAN睿,https://weibo.com/2609784071,09月26日 21:33,墨墨背单词,🏁墨墨背单词打卡Day224💻累计学习单词：730个📅今日学习单词：60个🕙今日记忆次数：253次🌟今日重点单词：surgev.汹涌；涌起；猛增#英语##24考研##自律##考研##考研复试#​,,0,1,0
364,5082968240949595,6615753388,小强不想她,https://weibo.com/6615753388,09月26日 21:32,iPhone客户端,🏁墨墨背单词打卡Day214💻累计学习单词：5161个📅今日学习单词：499个🕙今日记忆次数：1316次🌟今日重点单词：distressed[形]烦恼的；痛苦的；贫困的；故意磨损而仿古|[动]使悲痛；使穷困；使忧伤；“distress”的过去式和过去分词#考研英语##考研英语二##考研#​,,0,1,0
365,5082966146943693,5538558021,Kittya维,https://weibo.com/5538558021,09月26日 21:23,考研政治徐涛超话,考研倒计时86days认真认真认真，学习学习学习，成为研究生成为研究生成为研究生～今天学习list：1、扇贝单词新学➕不背和扇贝复习单词；2、专业课各背一单元3、今天刷了英二2012年text4，对了四题，但是还是没在状态，感觉一顿瞎选，醒醒醒醒！！！4、写了2014年小作文5、做了考研核心考点49-57​展开,考研倒计时86days认真认真认真，学习学习学习，成为研究生成为研究生成为研究生～今天学习list：1、扇贝单词新学➕不背和扇贝复习单词；2、专业课各背一单元3、今天刷了英二2012年text4，对了四题，但是还是没在状态，感觉一顿瞎选，醒醒醒醒！！！4、写了2014年小作文5、做了考研核心考点49-57对应的肖10006、听了翻译课7、业余时间小程序专业课刷题8、扇贝两篇文章革命尚未成功，小黄仍需努力～加油咯考研政治徐涛超话#考研#,0,0,0
366,5082965794623836,5617803260,CCsea_,https://weibo.com/5617803260,09月26日 21:22,iPhone客户端,还考个蛋一年更比一年难#考研#​,,0,2,1
367,5082963753305810,7861946670,南枝Nancy_,https://weibo.com/7861946670,09月26日 21:14,vivo X60Edge蔡司影像,跟着屠屠老师学写作Day12已打卡~跟着屠屠老师学习写作思维，比盲目的背诵更有效果，锻炼自主写作能力@考研英语屠皓民#考研##屠皓民##考研英语##考研英语作文#​,,0,1,1
368,5082962468800466,7554016285,天下武功唯快不破想名好难,https://weibo.com/7554016285,09月26日 21:09,墨墨背单词,💢drone💢撞！【无人机】撞上了【雄蜂】，发出了【嗡嗡嗡】的声音。【寄生虫】【絮絮叨叨】的说着这个八卦【混日子】#考研英语##考研#​,,0,1,0
369,5082962442066853,1082547813,王一鸣考研数学,https://weibo.com/1082547813,09月26日 21:09,iPhone 15,9月26日每日小课堂答案#考研数学##考研#考研超话王一鸣考研数学超话#每日一题##25考研#25考研超话​,,0,0,2
370,5082962285302167,1082547813,王一鸣考研数学,https://weibo.com/1082547813,09月26日 21:08,微博视频号,9月26日每日小课堂视频讲解#考研数学##考研#考研超话王一鸣考研数学超话#25考研##每日一题#25考研超话王一鸣考研数学的微博视频​,,0,0,0
371,5082962087905551,7480822700,刘奶奶找牛奶奶买牛奶xjbg,https://weibo.com/7480822700,09月26日 21:07,iPhone客户端,🏁墨墨背单词打卡Day354💻累计学习单词：6190个📅今日学习单词：670个🕙今日记忆次数：1974次🌟今日重点单词：conventional[形]传统的；惯例的#考研#​,,0,0,0
372,5082960413592480,7645269883,坚韧的张张,https://weibo.com/7645269883,09月26日 21:01,Redmi K70,#考研#为什么每天都犯困，怎样才可以保持清醒啊？​,,0,4,0
373,5082960101378305,7728707207,shunqizairanba,https://weibo.com/7728707207,09月26日 20:59,墨墨背单词,💢leverage💢考研：lever利用age年龄，年龄充分利用，不让退休#学习打卡##考研#​,,0,1,0
374,5082958788821580,5521066925,猪脚粉的狂热粉丝,https://weibo.com/5521066925,09月26日 20:54,iPhone客户端,💢lame💢累么？lame（跛的，瘸的，所以走路会累）#考研##学习打卡#​,,0,1,0
375,5082935227586998,7360696884,鸟山学长,https://weibo.com/7360696884,09月26日 20:54,微博视频号,#考研##25考研#三种政治题型的解题技巧-曲艺技巧班（第二讲）鸟山学长的微博视频​,,2,0,17
376,5082958008680754,5248820842,爱bro-,https://weibo.com/5248820842,09月26日 20:51,iPhone客户端,💢exemplify💢一个赞扑了怀，证明你有魅力#考研##考研英语#​,,0,1,0
377,5082870138014097,7360696884,鸟山学长,https://weibo.com/7360696884,09月26日 20:49,微博视频号,#25考研##考研#肖秀荣老师考研政治复习重要提醒鸟山学长的微博视频​,,3,0,29
378,5082955244636620,3953687151,考研数学杰哥1,https://weibo.com/3953687151,09月26日 20:40,iPhone客户端,线下班学员算急眼了，杰哥立马找出问题所在！线性代数的题目，看起来简单，必须要自己动手计算出正确答案才可以。#考研#考研超话#考研数学#考研数学杰哥1的微博视频​,,0,1,0
379,5082770304928003,6858194286,考研Neko酱,https://weibo.com/6858194286,09月26日 20:36,考研超话,考研超话肖秀荣发文！#考研##25考研##考研政治#​,,1,0,14
380,5082952234701723,7303558063,蒜蓉龙虾面,https://weibo.com/7303558063,09月26日 20:28,iPhone客户端,坏了爱上学习了烙铁#读书笔记##考研#​,,0,2,2
381,5082951258212747,6569867163,可人53177,https://weibo.com/6569867163,09月26日 20:24,墨墨背单词,💢essence💢“爱深思”：爱深思的人才能悟到事物的“精髓”和“本质”。#背单词##考研##24考研#​,,0,1,2
382,5082951092275187,7656770607,星星之火队_,https://weibo.com/7656770607,09月26日 20:24,荣耀50 5G,25魔方考研笔记(含真题)中国政法大学魔方法综701#考研##法硕#​,,0,1,3
383,5082950616220241,7539998001,Sileas_七七,https://weibo.com/7539998001,09月26日 20:22,墨墨背单词,🏁墨墨背单词打卡Day4💻累计学习单词：757个📅今日学习单词：365个🕙今日记忆次数：1236次🌟今日重点单词：marginn.边缘；差额；净利润；页边的空白处；余地#学习打卡##背单词##考研#​,,0,0,0
384,5082950198887010,6489024623,考研的锦鲤,https://weibo.com/6489024623,09月26日 20:20,考研超话,考研超话25考研英语刘晓艳#考研##考研英语##25考研#​,,0,2,0
385,5082949909223822,5985044366,正道的光6996,https://weibo.com/5985044366,09月26日 20:19,iPhone客户端,💢affectionate💢俺非常深爱他→挚爱#自律##学习打卡##英语##考研#​,,0,1,0
386,5082947868688607,7601595117,想谈帅哥的小re,https://weibo.com/7601595117,09月26日 20:11,,考研也没考上毛病倒是拉下一堆吃饭也是八点开始胃疼不吃也是腰疼了一年我他妈不会是躯体化吧想玩#代号鸢#不想#考研##学习#​,,0,0,0
387,5082947331559430,6313470399,Russeyiii绒绒,https://weibo.com/6313470399,09月26日 20:09,HUAWEI Mate 40,加油加油！@带起气儿的红糖水@西门达蜡邱老师，这个假期还要一起去酒吧呢虽然你们天天说的我也不懂，我也觉得好难哇我一直陪着你萌，下次聚的时候，请你们喝绿头发老娘们一战成硕！！！！！考上了有小礼物等着你们#考研#​,,0,2,2
388,5082947185803505,5485277353,后陡门的夕阳2024,https://weibo.com/5485277353,09月26日 20:08,荣耀50 SE 5G,难以想象跨专业的学生能把古汉学的那么好，有点小骄傲#考研##中文考研#​,,0,2,0
389,5082947037958454,7453975610,年七呆,https://weibo.com/7453975610,09月26日 20:07,OPPO Reno8 Pro+ 5G,#考研政治##苍盾拼团##考研#​,,0,3,0
390,5082944325027584,6489024623,考研的锦鲤,https://weibo.com/6489024623,09月26日 19:57,考研超话,考研超话25考研英语唐迟刘琦#考研##考研英语##25考研#​,,0,2,2
391,5082943490622465,7376810383,RANSYOUU,https://weibo.com/7376810383,09月26日 19:53,艺术考研超话,艺术考研超话#考研季##考研##生活手记##烟雨茶#​,,0,2,3
392,5082941551805495,6256245353,小洋噢耶,https://weibo.com/6256245353,09月26日 19:46,墨墨背单词,💢constrain💢啃试卷“迫使”学生啃试卷太“约束”。#考研##英语##自律#​,,0,0,0
393,5082941120053279,7088263960,竹韵65389,https://weibo.com/7088263960,09月26日 19:44,墨墨背单词,🏁墨墨背单词打卡Day171💻累计学习单词：2024个📅今日学习单词：10个🕙今日记忆次数：20次🌟今日重点单词：disruptiveadj.引起混乱的；分裂性的；破坏性的#考研##学习打卡##英语##背单词#​,,0,1,2
394,5082940235058440,7283174772,我真的没看到他的爱,https://weibo.com/7283174772,09月26日 19:40,墨墨背单词,🏁墨墨背单词打卡Day68💻累计学习单词：2862个📅今日学习单词：360个🕙今日记忆次数：959次🌟今日重点单词：anchorn.锚；靠山；台柱子#考研#​,,0,0,0
395,5082938411324062,7788648367,Leon1-1,https://weibo.com/7788648367,09月26日 19:33,iPhone客户端,💢reap💢锐破用锐利的破刀收获#考研##英语#​,,0,1,0
396,5082938083643239,5746275957,想吃麦当劳薯條iiiii_,https://weibo.com/5746275957,09月26日 19:32,墨墨背单词,🏁墨墨背单词打卡Day223💻累计学习单词：6705个📅今日学习单词：356个🕙今日记忆次数：850次🌟今日重点单词：sparkn.火花；火星|v.触发；激发；冒火花；引起；闪光#考研##背单词#​,,0,0,0
397,5082937639045981,7690078996,野兽日记_,https://weibo.com/7690078996,09月26日 19:30,Xiaomi 13,又有一种全世界都在为我开路的感觉让我更加有动力学习了#考研#​,,0,1,0
398,5082937414389401,7789232298,是糖喵酱吖,https://weibo.com/7789232298,09月26日 19:29,HUAWEI P50E,今天什么也没干，也没学习，学不进去一点，昨天好歹学了政治，今天是真的学不进去一点😔😔😔😔😔😔😔😔😔#考研##25考研#​,,0,1,0
399,5082936740941466,6419298311,GNR电子竟技俱乐部,https://weibo.com/6419298311,09月26日 19:26,iPhone客户端,💢disperse💢弟死婆死→两人[散开]了。#考研#​,,0,1,0
400,5082935494971937,7709348189,xszycs_,https://weibo.com/7709348189,09月26日 19:22,iPhone客户端,💢resiliently#考研#​,,0,0,0
401,5082771028445874,2075544173,董仲蠡-小董老师,https://weibo.com/2075544173,09月26日 19:17,iPhone 15 Pro,大城市双非一本or中等城市211？好问题！#考研#​,,1,5,24
402,5082934245589261,7709411502,月一属实是属实了,https://weibo.com/7709411502,09月26日 19:17,Android,#考研##考研政治#阔智考研政治拼团​,,0,1,0
403,5082933522076333,7281092991,月亮ioi,https://weibo.com/7281092991,09月26日 19:14,iPhone客户端,💢reign💢瑞恩【reign】将成为新的统治者#考研##自律#​,,0,1,0
404,5082932882703412,7820552951,知识芝士快进脑,https://weibo.com/7820552951,09月26日 19:11,四川师范大学考研超话,四川师范大学考研超话🔔爆款短剧新公式：最美不过“夕阳红”⛳短剧的风还是吹向了“姨姨”赛道。⛳当霸总文学遇上银发一族，当在长剧中只能充当配角的中老年角色在短剧中摇身一变成为主角，如今的短剧江湖不再只是年轻人的天下。⛳最近几个月，短剧市场迎来了一波中老年题材的小井喷，既​展开,四川师范大学考研超话🔔爆款短剧新公式：最美不过“夕阳红”⛳短剧的风还是吹向了“姨姨”赛道。⛳当霸总文学遇上银发一族，当在长剧中只能充当配角的中老年角色在短剧中摇身一变成为主角，如今的短剧江湖不再只是年轻人的天下。⛳最近几个月，短剧市场迎来了一波中老年题材的小井喷，既有走“玛丽苏”路线的《五十岁霸道总裁狂宠我》，也有家庭亲情向的《三子敬母》《母爱无声》，还有男频向的战争剧《老炮儿之上阵父子兵》《犬父虎子》、古装类的《卖菜大妈竟是皇嫂》等等。这些以老年人婚姻、情感、家庭等为创作来源的内容正在成为短剧领域新的“流量密码”。#戏剧与影视学##考研##广播电视##川师影传考研#,0,0,0
405,5082931536859198,5857241757,都说了雀氏帅啊,https://weibo.com/5857241757,09月26日 19:06,iPhone客户端,💢physiology💢“肥死ology（学科）”：研究这人怎么肥死的，就是研究他的身体，就是生理学这门学科。#考研##考研复试#​,,0,0,0
406,5082930932879469,7404036951,取个名字真的累zzz,https://weibo.com/7404036951,09月26日 19:03,iPhone,04年真题，你猜猜24年发生了什么#考研##社会学考研#​,,0,1,0
407,5082930175020298,7820552951,知识芝士快进脑,https://weibo.com/7820552951,09月26日 19:00,四川师范大学考研超话,四川师范大学考研超话🔔古偶看腻了，新丽、华策、正午都在筹备哪些古装大剧？⛳今年的古偶剧市场不算景气。外部环境有奥运会、文旅、音乐节等娱乐形式瓜分用户注意力，内部则有更新潮、更便捷、更刺激的短剧和喜剧类综艺激烈竞争。一些形式大于内容、主题和恋爱模式陈旧的仙恋剧就显得尤为被​展开,四川师范大学考研超话🔔古偶看腻了，新丽、华策、正午都在筹备哪些古装大剧？⛳今年的古偶剧市场不算景气。外部环境有奥运会、文旅、音乐节等娱乐形式瓜分用户注意力，内部则有更新潮、更便捷、更刺激的短剧和喜剧类综艺激烈竞争。一些形式大于内容、主题和恋爱模式陈旧的仙恋剧就显得尤为被动，即使有绚丽特效、精致服化道和高流量演员堆砌，也很难让观众心甘情愿地坐下来一集一集追剧。⛳而部分没有被“提前押宝”的古装剧则异军突起，给剧集市场带来一些新气象。很显然，如今的观众对古装剧的多样化、创新性、逻辑性都提出了更高的要求。四川师范大学考研超话#考研##戏剧与影视学##广播电视##川师影传考研#,0,0,1
408,5082927639825861,7406599160,老徐说考研,https://weibo.com/7406599160,09月26日 18:50,iPhone客户端,#考研政治徐之明##考研##25考研#,,0,0,2
409,5082925376739392,7624561266,别管就是一个考研的疯子罢了,https://weibo.com/7624561266,09月26日 18:41,真我GT Neo 闪速版,p1:昨天拍的，怪可爱的小飞机p2:直接大胆我喜欢p3:好美的天p4:为什么还不回答我招生简章也不出，想干嘛啊!#生活记录##冒个泡##考研#​,,0,1,1
410,5082925339251254,5716346607,国际伴型男,https://weibo.com/5716346607,09月26日 18:41,微博网页版,12月考研这次是真水啊，答案已出，直接背丑话说在前面！现在开始准备考研英语的宝宝们，我先跟大家说清一个事情，如果你英语底子很好，临时抱佛脚过线也是有可能的，但对于一些基础不好的同学，如果你也不好好学，还是按照死记硬背，到最后吃亏的可是你自己哦~从现在开始的备考计划，往下看：?​展开,12月考研这次是真水啊，答案已出，直接背丑话说在前面！现在开始准备考研英语的宝宝们，我先跟大家说清一个事情，如果你英语底子很好，临时抱佛脚过线也是有可能的，但对于一些基础不好的同学，如果你也不好好学，还是按照死记硬背，到最后吃亏的可是你自己哦~从现在开始的备考计划，往下看：🔥单词记忆：👉今天至10月30日：每天背，用314记忆法，每天可以背300个，进度不用担心，巩固记忆，查漏补缺。👉11月1日至11月30日：二轮复习，30天，深化记忆，提高熟练度。👉12月至考试前：最后24天，完成第四轮复习，温故知新，确保单词记忆达到顶峰状态。🔥阅读真题练习：👉今天至10月27日：刷阅读真题，每次2篇，每周5天，加强思路和阅读速度，共计30天。错的多的直接用《56条阅读规律》，提高你的做题效率👉10月30日至11月20日：继续刷真题，每次4篇，隔天进行，锻炼整体阅读能力，共计22天。👉11月21日至11月30日：三刷阅读真题，这一阶段主要是分析难题，查漏补缺，熟练运用技巧，共计10天。👉12月2日、12月9日、12月16日：模拟考试，对应日期下午2:00-5:00完成1套，之后6天深入研究。🔥小三门技巧：👉翻译：精选近15年真题，两天完成一篇，直接用翻译做题技巧，确保每句翻译都能信手拈来。👉新题型：考前一个月集中学习，掌握答题思路，刷真题，争取高分。👉完型：推荐完形蒙题技巧，11月1日至11月8日学习技巧，之后做10-20年真题，两天一篇。👉作文提升：直接用20套w能模板，备考期间背熟悉。9月至10月：小作文学习、背诵并默写，打好基础。10月至11月：大作文学习、背诵并默写，提升写作技巧。11月11日至11月10日：整理个人作文模板，进行分类。11月11日至12月：使用模板练习19年之前的真题作文，熟悉模板。12月至考前：循环强化模板，确保无语法错误，保持对新题的敏感度。#考研英语#考研规划#考研##高途#,0,0,0
411,5082923946742933,6990888966,用户6990888966,https://weibo.com/6990888966,09月26日 18:36,iPhone客户端,🏁墨墨背单词打卡Day223💻累计学习单词：4105个📅今日学习单词：320个🕙今日记忆次数：783次🌟今日重点单词：swamp[名]沼泽；湿地|[动]淹没；陷入困境；不知所措；使应接不暇#考研#​,,0,0,1
412,5082923690890365,2010021631,一位不愿透露姓名的地理学者,https://weibo.com/2010021631,09月26日 18:35,iPhone 14 Pro Max(暗紫色),考研数学与武忠祥老师整理的概率论公式合集#2025考研##考研#​,,1,0,5
413,5082923271193930,7591986590,是正果嘛0414,https://weibo.com/7591986590,09月26日 18:33,iPhone,Day18作文打卡昨晚内耗，所以今天起迟了，总觉得当下的进度应该是所有同专业考生进度最慢的，害怕坚持不下去，又觉得虽然开始的晚，但应该证明自己就是有想法就敢于去付诸行动的人。哪怕希望渺茫，也要按部就班一点点来。@考研英语屠皓民#考研英语屠皓民##考研英语一##屠皓民作文##考研#​​​,,0,0,1
414,5082922572586539,7421984284,Gowin考研1993,https://weibo.com/7421984284,09月26日 18:30,微博网页版,每日一题|环卫（评论区公布答案）#每日一题#公卫考研超话#gowin考研##考研##25考研#​,,0,0,0
415,5082921608151107,5291289886,高译教育,https://weibo.com/5291289886,09月26日 18:26,微博 weibo.com,发布了头条文章：《华东师范大学外国语言学及应用语言学考研备考参考书目推荐！》华东师范大学考研超话#外国语言学及应用语言文学##高译教育#26考研超话#考研#考研超话#华东师范大学外国语言学及应用语言学考研备考参考书目推荐！​,,0,1,0
416,5082921205764325,7523989799,阿顺妹妹fighting,https://weibo.com/7523989799,09月26日 18:25,iPhone客户端,🏁墨墨背单词打卡Day377💻累计学习单词：3242个📅今日学习单词：100个🕙今日记忆次数：168次🌟今日重点单词：hedge[名]树篱；防范措施|[动]用树篱围住；限制；避免#考研##英语#​,,0,0,0
417,5082920324957618,6090262567,一只废仙女123,https://weibo.com/6090262567,09月26日 18:21,HUAWEI Mate 40 Pro,化工考研院校红黑榜，26择校必看#考研##择校择专#​,,0,1,0
418,5082919092358065,5716346607,国际伴型男,https://weibo.com/5716346607,09月26日 18:16,微博网页版,12月考研这次是真的水啊，大纲已出，直接背🔥备考12月份考研英语考试的宝子们注意啦！中秋已过，迎来国庆，留给我们的备考时间不多，想要一次过的姐妹要抓紧时间啦，再晚黄花菜都凉了！！✨考研英语考试其实不难的，无非就是单词、完型、阅读、翻译、作文，只要我们按计划、有步骤的去复习，再加​展开,12月考研这次是真的水啊，大纲已出，直接背🔥备考12月份考研英语考试的宝子们注意啦！中秋已过，迎来国庆，留给我们的备考时间不多，想要一次过的姐妹要抓紧时间啦，再晚黄花菜都凉了！！✨考研英语考试其实不难的，无非就是单词、完型、阅读、翻译、作文，只要我们按计划、有步骤的去复习，再加上籽料的助攻下，一定能高芬通关。💖加油吧！考研人！你的努力和汗水终将获得完美的收获！你我皆是黑马！！！#考研#考研英语#25考研#考研自习室#我的考研#考研打卡#考研经验分享#,0,0,0
419,5082918328991933,5716346607,国际伴型男,https://weibo.com/5716346607,09月26日 18:13,微博网页版,考研还有不到100天，学不完了怎么办考研还有不到100天了觉得学不完了怎么办谁来救救我考研的uu们，我深感时间紧任务重，觉得现在时间不够用。然而，我也知道到，一战成功是众多考研者的共同追求，但是我已经二战了。希望uu们能够提一些建议，帮助我在有限的时间内，更有效地复习，提高我上岸的几​展开,考研还有不到100天，学不完了怎么办考研还有不到100天了觉得学不完了怎么办谁来救救我考研的uu们，我深感时间紧任务重，觉得现在时间不够用。然而，我也知道到，一战成功是众多考研者的共同追求，但是我已经二战了。希望uu们能够提一些建议，帮助我在有限的时间内，更有效地复习，提高我上岸的几率。用不用报考研冲刺班之类的啊，#考研时间安排#25考研#考研备考攻略#加油吧考研人#考研过来人的避坑法则#一些片刻##考研#,0,0,1
420,5082918302781677,6563153047,考研的小曾曾,https://weibo.com/6563153047,09月26日 18:13,考研超话,考研超话♨️考研咨询周开始，快快来解答你的疑惑！！别错过官方回复#2025考研##考研#​,,3,0,13
421,5082917401529895,5172351131,世界别为我担心天使,https://weibo.com/5172351131,09月26日 18:10,iPhone,有什么办法可以让知识快速进入脑子并且永远不忘啊😵‍💫#考研#​,,0,2,0
422,5082917227462775,5716346607,国际伴型男,https://weibo.com/5716346607,09月26日 18:09,微博网页版,因为淋过雨，想给26考研人提点小建议作为考研过来人，我深知考研期间真的很折磨，迷茫、焦虑，走过很多弯路，也是探索了很久才找到了适合的备考方法，也成功上岸了。所以我总结了一下这一年的经验，给26考研的学习学妹提个醒。.二本考研的我知道：1、政治最强阵容2、不要相信网上说的，你最应该​展开,"因为淋过雨，想给26考研人提点小建议作为考研过来人，我深知考研期间真的很折磨，迷茫、焦虑，走过很多弯路，也是探索了很久才找到了适合的备考方法，也成功上岸了。所以我总结了一下这一年的经验，给26考研的学习学妹提个醒。.二本考研的我知道：1、政治最强阵容2、不要相信网上说的，你最应该抓住的是选择题3、考研英语真题最重要不用买其他模拟题把真题做烂分析烂4、英语阅读真题里的生词会反反复复出现务必生吞每一个生词！！5、英语作文不用每日一练还批改这就是一场应试考试6、没有导师不喜欢英语好的学生。7、每年7、8月是弃考高峰、11月再弃考一波，12月还有人弃考8、考研大多数人是来做气氛组的，看着每年400万500万挺唬人的，其实都是三天打鱼两天晒网。9、坚持到最后的，大多数都能考上。☞26考研备考时间线从现在到寒假前:了解考研确定专业、学校、学硕/专硕，确定考试科目,搜集复习资料，考虑备考方式2025年暑假前:确定是否调整院校和专业，基础阶段开始学习2025暑假:集中备考，强化阶段刷题巩固大四上开学:查漏补缺阶段，开始刷真题25年9月底:参加26考研预报名25年10月:参加26考研正式报名25年11月:参加26考研网上确认25年12月:打印准考证25年12月底:参加26考研初试26年2月下旬:查询初试成绩，准备复试26年3月左右:分数线公布26年3-5月左右:参加复试、调剂26年6月左右:领取录取通知书，参加本科毕业答辩26年9月:研究生入学#考研#考研规划#26考研#考研经验分享#信息查#考研过来人的避坑法则##高途#",0,0,0
423,5082917078304121,5657290522,姚老师讲考研,https://weibo.com/5657290522,09月26日 18:08,iPhone客户端,25考研肯定会大扩招，上岸机会更大#考研#考研规划#考研择校#考研上岸#考研择校##考研规划##研究生考试##在职备考#姚老师讲考研的微博视频​,,0,1,0
424,5082916164211053,5716346607,国际伴型男,https://weibo.com/5716346607,09月26日 18:05,微博网页版,给大家普及一下考研90天上岸的强度前言:本人是去年备考3个月左右，英语一87分一次上岸的！(查分的那一刻真的紧张又激动，因为我的基础不是很好，也没想到能考到这样的成绩！后来我总结了这其中的原因，主要是在于找到了适合的方法和技巧！⚠️所以基础薄弱的宝子们实在没必要妄自菲薄，现在距离12月​展开,给大家普及一下考研90天上岸的强度前言:本人是去年备考3个月左右，英语一87分一次上岸的！(查分的那一刻真的紧张又激动，因为我的基础不是很好，也没想到能考到这样的成绩！后来我总结了这其中的原因，主要是在于找到了适合的方法和技巧！⚠️所以基础薄弱的宝子们实在没必要妄自菲薄，现在距离12月考研考试还有90天左右，时间真的来得及！因为我自己就是备考3个月左右上岸的，相信这个时间对于大部分人来说是刚刚好的！接下来给大家说说我是怎么做的，希望大家有帮助！考研辅导机构哪家好？其实每个机构都有他们擅长的科目和他们的短板，比如我是管理类联考，报的就是高途考研陈剑老师的专业课。所以大家需要结合自己的实际，选择擅长这个科目的机构，规避开不擅长该科目的机构，这样报班容错率也会降低很多。公共课这块，高途考研实力也蛮强，自我感受，带你的老师非常重要，像李旭舅舅、唐静老师都是在高途，其实很大程度上，考研考察的不是你，而是指导你的老师。而且批改指点特别用心，冲刺的时候押题也有一套，模拟测试卷上的很多题都考到了。……💙加油！希望大家12月考试顺利通过！！！#考研#25考研#考研英语#考研打卡#我的考研#考研经验分享#学霸秘籍#考研备考攻略#,0,0,0
425,5082915633365513,7743717619,手从下巴上拿下来二郎腿放下来,https://weibo.com/7743717619,09月26日 18:03,墨墨背单词,💢advent💢ad（爱的）vent（到来）#英语##考研#​,,0,1,0
426,5082915429417046,6623457124,是一枚纸鹤呀,https://weibo.com/6623457124,09月26日 18:02,墨墨背单词,💢denounce💢“得弄死”他，人们公开“指责”并“揭发”他。#考研#​,,0,1,0
427,5082915043805721,6166329650,胖胖胖胖超级胖胖,https://weibo.com/6166329650,09月26日 18:00,nova7你在焦点在,毁灭吧#考研#会计专硕超话​,,0,1,0
428,5082913236587918,7411664237,精神病患当大夫,https://weibo.com/7411664237,09月26日 17:53,Redmi K70 Pro,缺氧了，枯燥，无聊，两点一线的生活#考研#​,,0,1,0
429,5082912940889397,1261219854,武书连,https://weibo.com/1261219854,09月26日 17:52,微博 weibo.com,武书连2024中国大学研究生一级学科排名正式发布！#研究生一级学科##考研#武书连2024中国大学研究生一级学科排名​,,0,1,0
430,5082912183812436,5827747344,北工大考研,https://weibo.com/5827747344,09月26日 17:49,北工大考研超话,网上咨询的第一天~#考研#考研超话北工大考研超话#北京工业大学考研#北京工业大学超话#决战考研##26考研‬#26考研超话#25考研#25考研超话​,,0,1,0
431,5082912064279256,6998301984,余峰考研政治,https://weibo.com/6998301984,09月26日 17:48,Hi nova 9 Pro,#考研政治#考研政治超话#考研#考研超话#决战考研##25考研#仅三天时间，已经有700多位同学参加了由余峰教授命题的25考研政治9月模考。有需要这次模考卷电子版的同学可以在推文中下载。余老师对目前已参加模考同学的得分情况作了分析，并提出了考生在冲刺阶段的复习策略，大家可以来看看！​展开,#考研政治#考研政治超话#考研#考研超话#决战考研##25考研#仅三天时间，已经有700多位同学参加了由余峰教授命题的25考研政治9月模考。有需要这次模考卷电子版的同学可以在推文中下载。余老师对目前已参加模考同学的得分情况作了分析，并提出了考生在冲刺阶段的复习策略，大家可以来看看！平均分19分！25考研政治9月模考分析（速来下载模考卷电子版）,1,2,5
432,5082911671325227,7502288967,好甜先生2002,https://weibo.com/7502288967,09月26日 17:47,墨墨背单词,💢prosecution💢怕死Q神，因为怕Q神起诉他#英语单词##学习打卡##英语##24考研##考研#​,,0,1,0
433,5082910232678367,5827747344,北工大考研,https://weibo.com/5827747344,09月26日 17:41,北工大考研超话,【25考研】北工大数学/统计学超全考试情况汇总分析招生目录、招生人数、复试分数线、专业课考试成绩、一志愿复录比#考研#考研超话北工大考研超话#北京工业大学考研#北京工业大学超话#决战考研##25考研#25考研超话#26考研‬#26考研超话​,,0,0,1
434,5082909964765627,2263853757,wPER3YsABug,https://weibo.com/2263853757,09月26日 17:40,墨墨背单词,💢stagger💢死耽搁，磨磨唧唧的#考研##考研英语#​,,0,1,0
435,5082906655720474,3880574186,土澳大叔留学,https://weibo.com/3880574186,09月26日 17:39,微博视频号,为了应对2025年新规，想要留学的小伙伴一定要抓紧时间啦！想考研的同学考研先拿到Offer做备选项！准备留学的大四同学有6个学期成绩单就能递交了！考研留学咱全都要！！#决战考研##考研##研究生##研究生留学#土澳大叔留学的微博视频​,,20,15,15
436,5082907309770410,7634214591,伪装70896,https://weibo.com/7634214591,09月26日 17:30,墨墨背单词,💢basin💢“杯深”：杯子装水很深，就是【水池】【脸盆】，联想到凹地形的【盆地】#考研#​,,0,1,0
437,5082905562842220,5650039233,芮儿妹,https://weibo.com/5650039233,09月26日 17:23,iPhone客户端,考研最好的医丑剂#考研##瑞阳记##考研季##生活手记#​,,0,3,0
438,5082905112215655,7403366746,天行者1号,https://weibo.com/7403366746,09月26日 17:21,墨墨背单词,"🏁墨墨背单词打卡Day521💻累计学习单词：5112个📅今日学习单词：267个🕙今日记忆次数：833次🌟今日重点单词：exoticadj.外来的；吸引人的,奇异的|n.外来物；外来语#考研##学习打卡#​",,0,1,0
439,5082904384242654,6993363319,大连秀鹏外语学校,https://weibo.com/6993363319,09月26日 17:18,iPhone XS Max,✅考研除了扎实的专业知识，同时也是一场信息战。「选择大于努力」在考研界从不是一句空话！❗️在庞大的知识体系里，查米君之后会抽丝剥茧，给大家分享首发、有用、有价值的考研信息。在此之前，各位同学先把今天的内容理解消化啦~#考研#大连·秀鹏外语文化培训学校(麦凯乐校区)​,,0,0,0
440,5082902846770614,7215673381,Btonzh,https://weibo.com/7215673381,09月26日 17:12,Xiaomi Civi 4 Pro,重磅消息：温州大学生命与环境科学学院研究生招生宣讲会将于9月27日15:30直播开讲，欢迎有意报考我院的考生扫码观看直播！#考研##直播预告#宣讲会​,,0,1,0
441,5082902515942299,5542320578,好运和幸运女神每时每刻在我身上,https://weibo.com/5542320578,09月26日 17:10,墨墨背单词,💢wedge💢“歪着”用“三角木”固定的东西都不是“歪着”的#考研##考研英语#​,,0,1,1
442,5082902347385644,6489024623,考研的锦鲤,https://weibo.com/6489024623,09月26日 17:10,考研超话,考研超话25考研数学周洋鑫#考研##考研数学##25考研#​,,0,3,1
443,5082901947353516,5875189315,DBGnews,https://weibo.com/5875189315,09月26日 17:08,微博网页版,对于考研的同学来说，择校是考研需要关注的重中之重，选择一所适合自己的院校是成功的一半，俗话说“万事开头难”。所以，在选择院校上一定要做好把关！根据近年来化工专业的考研情况，把他们划了分数段，看看在相应的分数段里你可以选择哪些学校！有择校择专需求的同学，欢迎滴滴哦~/一对一择校择​展开,对于考研的同学来说，择校是考研需要关注的重中之重，选择一所适合自己的院校是成功的一半，俗话说“万事开头难”。所以，在选择院校上一定要做好把关！根据近年来化工专业的考研情况，把他们划了分数段，看看在相应的分数段里你可以选择哪些学校！有择校择专需求的同学，欢迎滴滴哦~/一对一择校择专指导，下方call我#考研##26考研##择校择专##考研红黑榜#,0,0,0
444,5082901832270524,6129880192,考研新青年,https://weibo.com/6129880192,09月26日 17:08,nova 10 主角影像,考研政治83，选择题全对！cr某书：导师心腹（大患）#考研##决战考研##25考研#​​​,,0,0,3
445,5082900678054117,5690472568,池呈恩,https://weibo.com/5690472568,09月26日 17:03,温州大学超话,✨宝子们，今天想和大家聊聊一个观点：参加考研比考研本身更重要。🌟为什么这么说呢？👉参加考研是一种勇气。当我们决定踏上考研这条路时，就已经迈出了勇敢的一步。它意味着我们敢于挑战自我，敢于追求更高的目标。在这个过程中，我们不断突破自己的舒适区，成长为更好的自己。💪👉参加​展开,✨宝子们，今天想和大家聊聊一个观点：参加考研比考研本身更重要。🌟为什么这么说呢？👉参加考研是一种勇气。当我们决定踏上考研这条路时，就已经迈出了勇敢的一步。它意味着我们敢于挑战自我，敢于追求更高的目标。在这个过程中，我们不断突破自己的舒适区，成长为更好的自己。💪👉参加考研是一次成长的机遇。备考的日子里，我们学会了自律，学会了合理安排时间，学会了在压力下保持冷静。我们不断地积累知识，提升自己的思维能力和解决问题的能力。这些宝贵的经验将伴随我们一生，无论考研结果如何，我们都已经收获了成长。🎓👉参加考研让我们结识了一群志同道合的伙伴。在考研的路上，我们会遇到很多和自己一样努力奋斗的人。大家相互鼓励、相互支持，一起分享学习的经验和心得。这种友谊是无比珍贵的，它将成为我们人生中的一笔财富。👫💖所以，宝子们，不要过分纠结于考研的结果，而是要珍惜参加考研的过程。每一个为梦想努力拼搏的日子都值得被铭记。🌈愿所有的考研人都能在这个过程中收获满满，加油！💪#考研#温州大学[超话]##温州大学教育学考研[超话]##温州大学901##教育学考研##25考研[超话]#温州·温州大学(茶山校区),0,0,1
446,5082900241847568,6387849507,马頔的酒量能分我点吗,https://weibo.com/6387849507,09月26日 17:01,墨墨背单词,🏁墨墨背单词打卡Day34💻累计学习单词：2340个📅今日学习单词：260个🕙今日记忆次数：614次🌟今日重点单词：regimen.政权；管理制度#考研#​,,0,0,1
447,5082899584649916,2045045343,3_Slin,https://weibo.com/2045045343,09月26日 16:59,iPhone客户端,#考研#研可岸一元​,,0,3,0
448,5082898128437941,7471231986,Kkkkkekee,https://weibo.com/7471231986,09月26日 16:53,墨墨背单词,💢beast💢“逼死他”beast→逼死别人的人是（凶残的人）是（兽）。#考研#​,,0,1,0
449,5082896834757144,5944173925,QMM佛爷小公举,https://weibo.com/5944173925,09月26日 16:48,iPhone客户端,💢specify💢四百洗发，你要“详细说明”给我，怎么花了四百洗的头发#考研##学习打卡#​,,0,1,0
450,5082893271962489,5236957538,dear-M--,https://weibo.com/5236957538,09月26日 16:34,iPhone客户端,我补药学习……………………………………………#考研#​,,0,3,0
451,5082892958959487,7889911138,希望好运降临bot,https://weibo.com/7889911138,09月26日 16:33,vivo Pad Air,"“等到阳光好的时候去图书馆拿一本书不再去看考公或考研书籍的时候真正读下去某一本书的时候这就是我们学术生命力开始的时候而不是去卷博士硕士学位当你真正有一段时间是给自己留下来的时候就很好""今天在背书的时候发现图书馆里的书真的很多很多，我本身就是学汉语言文学的，看到好多古今中外的​展开","“等到阳光好的时候去图书馆拿一本书不再去看考公或考研书籍的时候真正读下去某一本书的时候这就是我们学术生命力开始的时候而不是去卷博士硕士学位当你真正有一段时间是给自己留下来的时候就很好""今天在背书的时候发现图书馆里的书真的很多很多，我本身就是学汉语言文学的，看到好多古今中外的名著，我好多都没有读过，在这个浮华的世界里，我没有静下心来好好读一读书，而是在老师的催促下走马观花的看完一本书，坐在借阅室的地上，我想，我可能现在可以好好静下心来读一本书了，但是现在时机不对，那就先定一个小目标，等考研结束，我会先读一读那些古今中外的名著，fighting！#考研#",0,1,2
452,5082892453022553,7390573301,山东尚衍坤,https://weibo.com/7390573301,09月26日 16:30,nova12系列出色蓝不住,教育学硕士，接受跨专业接受专升硕，无雅思要求，内测直入，一年即可毕业！​尚老师18763333332（微信同号）#考研##教育学#​,,0,0,0
453,5082891433804866,7804674866,青岛博硕达寄宿考研基地高老师,https://weibo.com/7804674866,09月26日 16:26,iPhone 12,#考研#今天起，又是全力以赴的一战。💥努力会开花结果！🎯为了理想的高校和专业冲鸭！！💪#研究生考试##考研必胜#🌈青岛·青岛博硕达寄宿考研​,,0,1,0
454,5082890835330380,7499680764,徐佑年,https://weibo.com/7499680764,09月26日 16:24,iPhone客户端,今天阴天🌥️#生活手记##考研#​,,0,2,1
455,5082890811738766,5293420824,陌上的蓝鲸鱼,https://weibo.com/5293420824,09月26日 16:24,郑州轻工业大学超话,郑州轻工业大学超话出品牌二手电动车，五百五续航二十公里没问题，免费配送到学校！配送电子锁充电器！上郑州车牌。雅迪爱玛新日森地哈啰小刀品牌车耐骑好几年#龙子湖大学城##考研##郑州轻工业大学##新生#​,,0,1,1
456,5082890478028388,6381243527,忘掉挺容易的,https://weibo.com/6381243527,09月26日 16:23,墨墨背单词,💢tort💢“偷的”，盗版侵权#考研##24考研#​,,0,0,0
457,5082890461514545,5203849362,考研调剂糖,https://weibo.com/5203849362,09月26日 16:23,微博视频号,每天一道考研数学题，坚持打卡，2025考研你是最棒的！#考研##考研季##决战考研#【政治英语数学专业课带背：​​​​​​微博正文】​​​​​​​​​​​​考研调剂糖的微博视频​,,0,0,1
458,5082890230303065,6063043148,星光路线图,https://weibo.com/6063043148,09月26日 16:22,微博视频号,FPX经理离职，如果真的不行，咱们就去教考研吧#fpx##lpl夏季赛##考研#星光路线图的微博视频​,,0,0,0
459,5082889748742175,7564000841,我视学习如粪土,https://weibo.com/7564000841,09月26日 16:20,2025考研超话,鬼子能考研吗❓#考研#2025考研超话​,,0,3,1
